static const char kernel_config_data[] __used = MAGIC_START
	"\x1f\x8b\x08\x00\x00\x00\x00\x00\x02\x03\x94\x3c\x5b\x73\xdb\x36"
	"\xb3\xef\xfd\x15\x9c\xf4\xa5\x9d\x39\x69\x74\xf1\xf5\x9c\xf1\x03"
	"\x44\x82\x12\x8e\x48\x82\x26\x40\x49\xf6\x0b\x47\xb1\x99\xc4\x53"
	"\xd9\xf2\x27\xcb\x6d\xf3\xef\xcf\x2e\x48\x8a\x00\x08\xd2\x3d\x9d"
	"\x4c\x13\xee\x2e\x6e\x8b\xc5\xde\xb0\xd0\xaf\xbf\xfc\xea\x91\xf7"
	"\xe3\xfe\x79\x7b\x7c\x7a\xd8\xee\x76\x3f\xbd\xef\xe5\x4b\x79\xd8"
	"\x1e\xcb\x47\xef\xdb\xd3\xae\xfc\x1f\x2f\xe0\x5e\xc2\xa5\x47\x03"
	"\x26\xff\x00\xe2\xe8\xe9\xe5\xfd\x9f\x2f\xdb\xc3\xb3\x77\xf6\xc7"
	"\xf8\xfa\x8f\xeb\x33\x6f\x59\x1e\x5e\xca\x9d\xe7\xef\x5f\xbe\x3d"
	"\x7d\x7f\x87\xa6\x4f\xfb\x97\x5f\x7e\xfd\x05\xfe\xfc\x0a\xc0\xe7"
	"\x57\xe8\xe5\xf0\xdf\x1e\xb4\xf8\xbc\xc3\xb6\x9f\xbf\xbf\xbc\x97"
	"\xdb\xaf\x4f\x3f\xbe\x7d\xfe\xfe\xf0\xe0\xfd\x36\x4f\x72\x4f\xee"
	"\xf7\xbb\x87\x1f\xdb\xa7\x17\xef\xdb\xfe\xe0\x1d\x7f\x94\x1e\xf9"
	"\xfc\x7a\xd8\xe3\x04\x3c\x72\x78\xf8\xf1\x74\x2c\x1f\x8e\xef\x87"
	"\xd2\xbb\xfa\x63\xfa\x79\x32\x82\x71\x47\x53\xef\x37\xec\xf2\x50"
	"\xee\x3e\x03\xf0\xe2\xf7\xdf\x11\xf7\xc7\x08\x46\xf5\x79\x12\xb2"
	"\x79\xe1\xfb\x05\x13\xc5\xdc\xf7\x6f\x7e\x36\x20\xf8\x28\x56\x34"
	"\x13\x8c\x27\x37\x57\xa3\xe9\x68\x74\xa2\x8d\x48\x32\x3f\xa1\x46"
	"\x5a\x17\x0b\x22\x0a\x22\xe2\x62\xce\x25\x6f\x3b\x62\xd9\x6d\xb1"
	"\xe6\xd9\xb2\x85\xcc\x72\x16\x05\x92\xc5\xb4\xa0\x1b\x49\x66\x11"
	"\x2d\x04\xcf\x24\xe0\x15\x1b\xe6\x8a\xa7\x3b\xef\xad\x3c\xbe\xbf"
	"\xb6\x53\x64\x09\x93\x05\x4d\x56\x05\xc9\xe6\x45\xc4\x62\x26\x6f"
	"\xa6\x13\xe4\x5a\x3d\x3c\x8f\x53\x06\x3d\x49\x2a\xa4\xf7\xf4\xe6"
	"\xbd\xec\x8f\xd8\x43\xd3\x3a\xe2\x3e\x89\x9a\x39\x7f\xfa\xe4\x02"
	"\x17\x24\xd7\xa7\xad\x26\x59\x08\x12\x49\x8d\x7e\x41\x56\xb4\x58"
	"\xd2\x2c\xa1\x51\x31\xbf\x67\x69\x4b\xae\x63\xa2\xfb\x98\xb8\x31"
	"\x9b\xfb\xbe\x16\xbc\x0f\x71\x06\x88\xd3\x2a\xb5\xa1\x1d\x8b\x34"
	"\x87\xb7\x1b\x6d\xee\xf5\x26\x36\x16\x66\x30\x8c\x3e\x73\x0c\x18"
	"\xd0\x90\xe4\x91\x2c\x16\x5c\xc8\x84\xc4\xf4\xe6\xd3\x6f\x2f\xfb"
	"\x97\xf2\xf7\x13\xbf\xc4\x9a\x68\x3c\x12\x77\x62\xc5\x52\xbf\x03"
	"\xc0\xbf\x7d\x19\xb5\xf0\x94\x0b\xb6\x29\xe2\xdb\x9c\xe6\xd4\x0d"
	"\xed\x34\xf1\x33\x2e\x44\x11\xd3\x98\x67\x77\x05\x91\x92\xf8\x0b"
	"\x9d\x07\xb9\xa0\x11\x9b\x39\x96\x40\x72\x38\xab\x16\xef\x49\xe6"
	"\x2f\x2a\x04\x8e\x42\x22\x6d\x98\x01\x68\xb1\x26\x52\x0d\x6a\x00"
	"\x65\x46\x69\x23\xd9\x70\x12\xbc\xb7\xf7\xaf\x6f\x3f\xdf\x8e\xe5"
	"\x73\x2b\xd9\x73\x9a\xd0\x8c\xf9\xea\xa0\xa4\x19\x9f\x69\x4b\xd6"
	"\x51\x62\xc1\xd7\xfd\x98\x22\xa2\x2b\x1a\xb9\xf1\x34\x0c\xa9\x2f"
	"\x19\xae\x2c\x0c\x8b\x98\x88\xa5\x9b\x2e\x66\xf3\x8c\x48\x3c\x21"
	"\x1a\x3f\xb2\x00\x50\x02\x76\xb2\xc8\xa8\xa0\x49\xe0\x6e\xea\x2f"
	"\xf4\xc3\x80\x90\x80\xc7\x84\x25\x2e\x58\xb1\x60\x34\x43\x1e\xdf"
	"\x75\xfb\x8a\x05\x43\xca\x5e\x44\xa7\xdb\x05\x49\x02\x38\xf6\x75"
	"\xcf\x46\x53\x24\x0f\x79\xe6\xd3\xa0\x90\x8b\x8c\x92\x80\x25\x73"
	"\x4d\xf6\x52\x92\x09\x5a\xb7\x38\xc9\x89\xbe\xa6\x80\xce\xf2\x79"
	"\x28\x1c\x42\x63\x30\x0d\x0e\x00\xab\xa7\x91\x69\xbb\x8f\x32\xe4"
	"\x83\x7e\x59\x0a\x9e\xc3\x1c\x8a\x80\x48\xd2\x5d\x96\xd2\x82\xab"
	"\x8e\x40\x35\x68\xd5\x01\x6c\x6c\x22\x85\xd5\x35\xea\x5a\xc9\xfc"
	"\x65\x31\xcb\x38\x09\x7c\x22\xe4\x60\x6b\x83\x4c\x09\xa3\x7c\x7a"
	"\x2e\x0f\x6f\x2e\x79\x54\xdd\xf2\x84\x82\x58\x69\x9d\x26\xbc\x58"
	"\xdc\xa3\x9a\x8d\x95\x7c\x9c\x38\x06\xc0\x14\x46\xe3\x01\xf3\x1d"
	"\x9c\xaa\x5a\x31\xe0\x8d\xde\xa6\x82\x86\x79\x14\xf5\x35\xd1\x36"
	"\x98\xcd\x17\x28\x7a\x8a\x55\x99\xc6\x86\x14\x4e\x56\x9c\x4a\xa0"
	"\x4f\x8c\xce\x1b\xf8\x8a\x47\x79\x22\x49\x76\xe7\xd4\x6b\x35\x95"
	"\x8e\xab\x8c\x70\x9a\x7f\x91\xdb\xb7\x3f\xbd\x23\xf0\xc7\xdb\xbe"
	"\x3c\x7a\x6f\xc7\xed\xf1\xcd\xdb\x3e\x3c\xec\xdf\x5f\x8e\x4f\x2f"
	"\xdf\x2d\x46\x41\x83\x82\xf8\x3e\x87\xb1\x2a\xf9\x3a\x0d\xb1\x62"
	"\x99\xb4\xd0\xb8\x35\xce\xe9\xa0\x24\x29\x59\x68\x69\x1d\xac\x99"
	"\x89\x00\x35\x84\x4f\x41\xd5\x01\xa1\xd4\x47\xb3\x71\xc5\x6a\xea"
	"\x1c\x49\xc2\xf1\x17\x92\x48\x97\x5c\xe3\x64\x99\xe0\x51\xa3\x04"
	"\x14\x47\x32\x3f\xf7\x84\x43\x4a\x80\x81\x05\xe0\xf4\x39\xc0\x27"
	"\x98\x74\x10\x07\x97\x09\x16\x15\xb1\xde\xdc\x04\x61\x6b\x98\x59"
	"\x14\xb5\x52\xa6\x61\x12\x0a\xe7\x58\xd0\xb9\x3f\x8b\x98\x2e\xec"
	"\x95\x9d\x9e\xb1\x64\xa2\x19\x16\xb6\xac\xfe\xd1\x85\x28\x1e\xb5"
	"\xe0\x88\x63\x0f\x21\xa8\x50\x16\xca\x9b\xf1\x85\x0e\x47\x6e\xc4"
	"\x64\xa3\xe3\x27\xad\xf0\xb1\x44\x2e\xc1\x3d\x08\xa9\xdd\xc7\xd4"
	"\x3e\x86\xc2\x5f\xc0\xd4\xd5\x61\xd4\xec\xd5\x3c\xe3\x79\xaa\x8b"
	"\x33\x99\xd3\x42\xed\xbd\xae\x46\xc0\xa0\xf9\x73\xeb\xd3\xb2\xaa"
	"\x2d\x0c\xdc\x23\xf4\xa6\x02\x1b\xb7\x84\xbf\x34\x86\x45\xcb\x7a"
	"\x74\x7d\xeb\x94\xb2\xd3\x70\x2e\xe9\x50\x88\x62\x9d\x31\x49\x67"
	"\xa4\xbb\x98\x6a\xa1\x2d\x34\x24\x2c\x2b\x9c\x18\x3f\x04\x85\x04"
	"\x1a\x73\xcd\x02\xa9\x59\x4c\x38\x2e\x26\x79\xeb\xdd\x55\xf0\x94"
	"\x05\xc2\x29\xd4\x35\x3e\x0b\x62\xd2\x3f\xf1\x10\x44\xee\x5e\x67"
	"\x2e\x6c\xb0\xa0\xd2\x50\x29\xdc\xc7\x41\x6a\x4c\x67\x81\x01\x5d"
	"\x31\x9f\x76\xc0\x40\x5d\x9f\x46\x6b\xba\x34\x0b\x1d\xab\x50\xac"
	"\x76\x29\x3e\xf0\xa0\xc0\x2a\xc1\x09\x6e\x7b\xca\x41\x75\x27\xda"
	"\x37\x7a\x4b\xea\x5b\xf7\x6c\x32\x00\x39\xfa\xc3\x85\xe8\x6d\x13"
	"\x2a\xad\xb6\xc0\x66\x7f\x99\x72\x10\x65\xd4\xb0\x92\x67\xd4\xc9"
	"\xdd\x4a\x80\xd1\x3d\xee\x88\x46\x4b\x73\x27\x60\x53\x03\x0a\x7a"
	"\xd5\x27\x92\x06\x4e\xa2\x8c\x46\xe4\xce\xa5\xd7\x40\xec\x80\xb7"
	"\xca\xc7\xcf\x34\x39\x51\xdf\x24\x86\x8e\x2b\x23\xaa\x79\xe2\x59"
	"\x60\x39\xe0\x00\x98\x01\x60\x62\x40\x4c\x4f\x1c\x00\xba\x03\xae"
	"\xf0\xdc\xfa\x3e\xd3\x76\xd1\x2f\x78\x0a\x4a\x99\xdd\x53\xf4\x23"
	"\xd4\x76\xf2\x2c\x26\x89\x6f\xd8\x1b\x9b\x4c\xc0\x3f\x5c\xea\xcf"
	"\x72\x58\x09\xd8\x2d\x58\x20\x0f\xf4\xed\x56\xee\x67\xce\x82\xf1"
	"\x85\x76\x5e\xd3\xb0\xfd\xa8\xb4\xab\x26\x1f\x26\xad\x72\x46\x50"
	"\x22\xf4\x09\x8a\x39\x95\xe8\xf4\x15\xb5\x9b\xe1\x9e\x1c\x32\xf9"
	"\xe4\x86\xe8\xdb\x0a\xb3\x1e\x68\x19\x56\x9e\x8f\xed\xa5\x77\x8d"
	"\x35\xea\x4b\xfb\xbb\x48\x62\xa6\x6b\x72\x4d\xd3\xd1\x28\x04\x6d"
	"\x98\x69\x1d\xcf\x08\xb8\x6b\xe8\x33\x68\x1a\x26\x97\x74\x63\x7d"
	"\x82\xd8\x6b\xbd\xa4\x5c\xa7\x17\x6c\x9e\x90\x28\xd4\x24\x4c\xcd"
	"\x53\x07\x28\x77\x49\x07\x88\x85\xa1\x3d\x09\xd3\x24\x86\x04\x2b"
	"\x26\x68\xc3\x1d\x61\xe8\xdd\x19\xc9\x32\xa6\x6b\x9b\x25\x92\xdc"
	"\xc5\xa2\x0b\x29\x0c\xdf\xef\x04\x55\x0b\xc6\x23\x83\xae\xbb\x61"
	"\xea\xd3\xd0\xb5\x23\x86\x4a\x50\x81\x59\x18\xb8\x22\x9e\xc6\x7d"
	"\x6c\x27\x09\xbd\x25\xbe\xc5\x6e\x70\x8e\x6f\xbb\x06\x02\xa1\xce"
	"\x31\xa1\x2f\x1a\x04\xd4\x35\xa0\x12\x6a\x3c\x3c\x85\xed\xc9\x2a"
	"\x20\xcc\xb6\x58\xc5\xb0\x16\x65\x97\x5b\x07\xcd\x1f\x8f\xce\x3a"
	"\xee\x59\x9d\x3f\x49\xcb\xc3\xb7\xfd\xe1\x79\xfb\xf2\x50\x7a\xf4"
	"\xaf\xf2\x05\x1c\x34\x02\xae\x9a\x8f\x2e\x1a\x78\xb5\xad\x97\x62"
	"\x0e\x6b\x2d\xc6\x1e\xde\x31\xf7\x55\x5c\xb5\x6e\x2c\xb3\x36\x79"
	"\xcc\x38\x10\x09\x8e\xb5\x26\xd6\x22\x22\x33\xe3\xf8\x44\xf9\xcc"
	"\xad\x2e\x23\xee\x8a\x46\xb1\x3d\xec\x4b\x06\xae\x40\x1d\x5b\x9b"
	"\xbd\x01\x16\xad\x18\x7a\x40\x45\x06\x07\x8f\xc7\xee\xc3\x2c\x69"
	"\xac\x02\x0e\x4c\xd3\xb0\x90\xf9\x56\x54\x07\x76\x2e\x64\x91\x11"
	"\x0e\x81\x9e\xf5\xa9\x32\x05\x46\xa4\x11\x1b\x1f\x4a\x6c\x04\xda"
	"\x0d\x23\x06\x43\x0c\x58\x5e\xc5\x4a\x06\xae\x5b\xde\x45\x29\x30"
	"\xc8\x39\x1c\xc0\x18\xd8\x79\x73\x75\x3a\x29\xe0\xde\xcb\x5a\x44"
	"\x7c\x66\xa4\x06\x0a\x91\xa7\x29\xcf\xc0\x02\x92\x14\xb6\x01\x74"
	"\x5b\x27\x38\xc5\x56\x68\xb3\xc1\x02\x6b\x4d\x21\xf8\x5f\xaa\xf5"
	"\x34\x3d\xe8\xfe\x9e\xbf\x04\x23\xd5\x45\x54\xf4\xe0\x86\x87\x11"
	"\x99\x8b\x2e\x3e\x5b\x0b\xe0\xe9\xc6\x5f\xcc\x49\x00\xb6\x30\x9a"
	"\x73\x70\x83\x16\xb1\x23\x2a\x43\xc7\x66\xae\x3b\x68\x21\xe8\x43"
	"\x4a\xb2\xe8\x0e\xbe\x0b\x43\x99\x34\x1e\xe2\x62\x4d\x91\x0d\x8e"
	"\x08\x0e\x38\x36\x83\x98\x1c\xc5\x01\x4c\xa7\x35\xda\x89\x3f\xb9"
	"\x4a\x1b\x98\x1b\x07\x0e\xa5\x04\x9a\x74\x01\x8c\xc4\x48\xa4\xdb"
	"\xb9\xa1\x6f\xd3\x79\x95\x89\x53\x69\x04\x71\x33\xa9\x8e\x9b\x50"
	"\x4e\xbf\x27\x7f\xbe\x96\xed\x99\xb2\x36\x18\x06\x89\x63\x70\x3e"
	"\xb3\x04\xdd\x70\x98\x4d\x0c\xb2\x71\x35\x84\x27\x1b\xcd\xd3\xae"
	"\x08\xd0\x6e\xa5\xb0\xbf\x68\x60\x75\x91\x57\x58\x3a\x13\x64\x3c"
	"\x1e\x39\x0f\x52\x45\x90\x5e\x4f\x37\x9b\x7e\x7c\xc8\xb9\x9c\x65"
	"\x2c\x98\xd3\x7e\x1a\xf0\x8e\x06\x7a\x60\x3c\x1d\x0f\x0e\x01\x04"
	"\xd3\xc9\x07\xf8\xe9\x10\x7e\x93\x9e\x0d\xf5\x1f\xf0\xd5\xc0\xe4"
	"\x97\xe2\xea\xe2\xfa\xbc\x1f\xbf\xbe\x1e\x6d\xae\x47\x03\x1c\x8c"
	"\x52\x1f\xa6\x3f\x30\x7e\xba\x21\xfd\xc8\x2c\xf5\xfb\x91\x6a\xef"
	"\x06\x86\x16\x53\x7f\x32\xbc\x74\xb2\x62\x89\xcf\xfa\x09\x38\x88"
	"\xd7\xb8\x63\x2a\xe2\xf7\xdd\xf1\xe9\x75\x57\x7a\xaf\xbb\xed\x11"
	"\xad\x05\xa0\x76\xe5\x83\x91\x71\x4f\x73\xb0\x19\x87\xd2\xfb\xb6"
	"\x7d\x7e\xda\xfd\x34\x08\x3a\xe2\x59\xac\x2e\x6c\xb1\xaf\xc0\x97"
	"\x6e\xf0\x45\x85\x31\xa7\x8a\x27\xb1\x7f\x21\xc4\x47\x05\x27\x06"
	"\x08\xa2\x94\x25\x03\x72\x40\x32\x99\xd2\x81\xbd\x20\x22\xa5\x3d"
	"\xbe\x79\x85\x97\xd7\xe3\x7e\xec\xcc\x8f\x07\x90\x34\x03\x8b\xd2"
	"\x8f\xf7\x13\x01\x07\x68\x68\x9b\xd9\x9c\xf9\x3c\xe2\xd9\xc0\x39"
	"\xdf\xdc\x25\x7c\x80\x3d\x98\x2b\x02\xf5\xbb\x1c\xa2\x10\x03\x82"
	"\x14\x6f\x06\x78\x07\xa6\x91\x62\x7e\x74\x68\x82\x4b\x0a\xb6\x97"
	"\x0f\xed\x50\x4c\x03\x06\xfa\x7c\x39\x44\x21\xf8\x00\x1f\xe3\x38"
	"\x1d\x40\xae\xc0\xb1\x19\xd0\x71\xa9\x1f\xf7\x79\x84\x78\x88\x4e"
	"\xb9\x41\xe6\xe1\x27\xde\x48\x3d\xef\x5f\xbc\xb0\xdc\xe2\x85\xd2"
	"\x5b\x73\x6c\x14\xae\x06\x7a\xa2\x39\x33\xba\xd7\xc5\xd7\xe0\x54"
	"\x92\x95\x68\x7a\x75\xc2\xf1\x26\x49\x88\x69\x8b\x56\x40\xcc\x32"
	"\xcb\x3a\x73\x6a\xa1\xa6\x93\x65\xe5\xb0\xeb\xc7\x0a\x31\xd3\x22"
	"\x9a\x40\x7c\xba\x29\x04\xf5\xf3\x0c\xcc\x3e\x3a\x06\x8e\x88\xb6"
	"\x31\x60\xa4\x5e\x6f\x63\x0a\xad\x75\x7f\x21\xf1\x97\x00\xfe\x64"
	"\xc4\x0b\x95\x62\xb0\xd4\x01\xd2\x4c\xac\x43\xaf\xa6\xe1\x80\x69"
	"\xf1\xa4\x00\x47\x05\x41\xe7\x26\x88\xc4\x60\x18\x36\x36\xec\xac"
	"\x03\x83\xe9\x5c\xea\xb0\x76\x2a\x69\x94\xdb\xac\x42\x61\xcd\x00"
	"\x90\x50\x1f\x5c\xd4\x53\x28\xa2\xaf\x72\xf2\x65\xfa\xe5\xcc\x13"
	"\xaf\xe5\xc3\xd3\xb7\xa7\x07\x7d\x93\x9d\x03\x14\xf2\x2e\x05\x47"
	"\x32\x32\x27\x85\x0e\x8f\x22\x29\x44\x90\xf9\x5d\x5c\x46\x49\xa4"
	"\xf2\x9a\x6d\x66\xab\x15\x21\xa5\x7a\x4d\xdf\xa2\xe1\xd1\xe4\x6c"
	"\x32\xea\x72\x6e\x72\x36\x75\x40\xa7\x1d\xa8\x64\x57\x63\x9d\x55"
	"\x8a\x25\x29\x78\x85\x2a\xc7\x36\x9b\x19\xb3\x88\xca\xef\xdb\x87"
	"\x9f\x5e\xda\x58\x89\x60\x7b\xdc\x7a\xb3\xfd\xf6\xf0\x68\xfb\x3d"
	"\x8d\xd8\x4c\x0a\x99\x8b\xd9\xc5\x68\xac\x0d\x7b\x42\x4e\xcf\xc7"
	"\x97\x74\x15\xbb\x30\x30\x05\x70\xd9\x33\x62\xe1\x12\xbe\x64\xa4"
	"\x48\xae\x3a\xdd\xb5\x88\x62\xcd\xd0\x6b\x72\xa3\x37\xa3\xee\x79"
	"\xc0\xdd\x00\x73\x82\xc7\xc5\x4a\x25\x1b\x84\xe7\x05\xcd\x32\x8c"
	"\x13\xae\x46\xe3\xab\xf1\xf5\x80\x89\xdd\x24\x64\x40\xf1\x82\x64"
	"\xf0\x8d\x4f\x7b\xe2\xd1\xca\xcc\xb3\x2c\xec\xc7\xde\xfa\x7c\xc0"
	"\xb6\xa0\x14\xad\x18\x5d\x0f\x50\x80\xba\xc0\x3b\xa8\x41\x37\xe3"
	"\x62\xd0\xcd\x10\xe7\xe9\x6a\x32\xe4\x65\x66\xa0\x2c\xc4\x10\x17"
	"\x40\xf4\xc2\x74\xee\xf6\x93\xd0\xb9\x2d\xc0\xfa\x92\x01\xeb\x21"
	"\x24\x1b\x42\xc6\xd3\xc9\x00\x3a\x4f\x36\x03\xad\x25\x49\xe6\x7c"
	"\x00\x8d\x96\xad\x1f\x9d\x27\x2c\xc5\x4b\xbb\x01\x8a\xab\xf3\x21"
	"\x1f\x6f\x45\x37\x29\xe8\xe3\x01\xde\xad\xe3\xab\xcb\xf3\xd1\x20"
	"\xfe\x6a\x08\x7f\x3f\xb0\xb3\xf7\x77\xc9\x6d\xc7\x3d\x4c\x0f\xfb"
	"\x87\xf2\xed\x6d\x7f\xb0\x4e\x39\x66\xfd\x75\x4f\xaf\xfa\x5e\x5a"
	"\x80\x4b\xf3\x5b\x2e\xf2\x78\x06\xd1\x5a\x8a\x31\x94\x89\x9a\x4e"
	"\xfe\xba\xe8\x42\x96\x1d\x90\xd5\x23\x99\x65\xb2\xa0\xf6\x44\x6a"
	"\xa8\x45\x9b\x2a\xb0\x4d\x5b\x43\x2d\x5a\x1f\x34\x07\xed\xd0\xd6"
	"\x50\x37\x2d\x4b\xa5\x05\xe7\xe9\x5d\xa7\x0b\x19\xcd\xdc\x30\xab"
	"\xd3\xaa\x48\x84\x05\x56\x97\xe9\xf8\xbc\x0b\xa9\x43\x4d\x6b\xbf"
	"\x5c\x96\x2a\xae\xb6\xc0\x8c\x80\x15\x88\x52\x13\xa8\x6e\xe5\xe8"
	"\x46\x5b\x92\x58\xa7\x75\x76\xc1\xcc\xeb\xe2\x65\x58\xc5\x82\x80"
	"\x09\xdc\x58\xf7\xd5\x03\x90\xcd\x40\xb8\x03\x06\x96\xd6\x41\xa8"
	"\x91\xc1\xf1\xf7\xa5\x9e\x63\xc3\xdb\x75\x9a\x14\x10\xe1\x27\xa8"
	"\x44\xab\x4e\xb8\x9e\x33\x54\xd9\xfd\x05\x8d\x52\x23\xf5\xb4\x0a"
	"\x84\x96\x85\xc4\xfc\x4a\x35\xcf\x6c\x1d\x6a\x70\x9e\x83\xc1\xad"
	"\x30\x4e\xa0\xca\xfa\x69\x36\xa5\xcd\xc4\x54\xe8\x68\xb2\xd1\x2c"
	"\x92\x01\x6b\x57\x7f\x82\x16\x69\x9c\xbb\x2e\x21\xa2\x29\x98\xaf"
	"\xda\xca\x9c\x5f\x5d\x4d\x2f\xae\x35\x7f\x50\x47\x5e\x4e\x2e\xaf"
	"\x95\x10\x68\x3a\x53\x47\x9f\x4f\xaf\x2f\x47\x3d\xba\x55\xa7\xbb"
	"\xb8\x3e\x33\x2d\x99\xb6\xf9\xd1\xb8\x59\x3a\xde\xd5\x15\x17\xa6"
	"\x68\x98\xd8\x9b\x0b\x3b\x89\x15\xd3\x18\x2f\xfa\x42\x9a\x99\xc7"
	"\x5c\x65\xc6\x28\x59\xdd\x15\xba\x04\x56\x39\x46\x95\xf2\x02\xf3"
	"\x54\x5f\xff\x6b\x8a\x29\x6e\x66\x3c\x9d\x5c\x8c\x47\xd3\x9e\x19"
	"\xd7\x34\x67\xe3\xf1\xb5\xee\x11\xe9\xa8\xe9\xe8\xfa\x72\xea\x44"
	"\x5d\x9c\x4d\x2f\xc7\xd7\x4e\xd4\xe5\x64\x74\x79\xd5\x83\x3a\x3f"
	"\x9b\x4e\x26\x3d\x93\x55\xc8\xcb\x1e\x5d\xdb\x2e\xe9\xe2\x6c\x72"
	"\x7d\xf1\x11\xd5\x25\xcc\xef\xe2\x7a\x78\xe1\x97\x30\x60\xcf\xc2"
	"\x2f\xaf\xaf\xc0\x69\xe9\x9b\xe7\xe5\x74\x34\x99\x7c\x34\x03\xe8"
	"\x60\x3a\x39\x2f\xae\xce\xc1\xdf\xfc\x98\x78\x32\x86\xa9\x7c\x4c"
	"\x75\x7e\xd1\xeb\x49\xb5\x54\x38\xe2\xf8\x5f\x51\x4d\x3b\xa6\x6b"
	"\xf6\x8e\x75\x1b\xaf\xaf\xfb\xc3\x51\x8b\xb9\xf4\xec\x29\x7c\xd4"
	"\x25\x31\xc2\x09\xd4\x02\x1f\x0d\xe9\xb8\xff\x01\x30\xc5\x1c\xe3"
	"\x2c\x77\xde\x30\x42\xa3\x58\x58\xe3\xf6\x55\xea\x20\xee\x36\x67"
	"\xd9\x52\x58\x03\x74\x2f\x44\x0d\xac\x90\x3d\x39\x74\x44\x32\xbe"
	"\xea\xc5\xa5\x19\xeb\xc7\xa1\x09\x72\x62\x17\x5c\x42\xb8\xa3\xa8"
	"\xba\x3e\x03\xc0\x1e\xf6\x2f\xc7\xc3\x7e\xb7\x2b\x0f\xde\xe3\xe1"
	"\xe9\xaf\xea\xb6\xa1\xca\x26\x6d\x1f\x4b\xbc\x90\x00\xaa\x52\x23"
	"\xd3\xf7\xca\xe0\x2b\x28\x1b\xd0\xfe\x3e\x55\xe5\x73\x7d\x33\x6d"
	"\xa9\x68\xda\xbb\x9a\x50\xc2\xff\xfb\x92\x6c\x48\x80\x23\x34\x7b"
	"\xde\x3f\xd2\x06\xef\x04\x36\xbd\x9d\xac\x20\xac\xa0\x31\xeb\x6f"
	"\x0f\xa1\x1e\x35\xdd\x48\xb5\xe4\xa0\x7c\x7b\xfa\xfe\xb2\xde\x1e"
	"\x14\x6b\xaa\xa8\x4f\x38\xc4\x17\xec\xec\xda\x10\x17\x04\xa8\xa9"
	"\x77\xa1\x34\xb5\xe4\xda\x0a\x8e\x5b\x58\xb7\x83\x06\x41\x53\x5b"
	"\xd2\xb1\x67\xe5\xa8\x0f\xef\x48\x43\x35\xb0\x23\x11\xb9\x03\x8b"
	"\x0d\x0e\x21\x75\x0a\x11\x7d\x79\x7c\xdd\x3f\xbd\x98\xeb\x2f\x68"
	"\x12\xa8\x1b\x18\x73\xb6\x0d\xb4\xa8\x60\xa1\x75\xa2\x69\x1a\xaa"
	"\xa2\xd7\x9b\x67\x73\x06\x08\x4f\xe4\xcc\x39\xfc\xdb\xdf\x4f\xc7"
	"\x87\x1f\x6e\x51\x36\xcf\xde\x1a\xfe\x30\xe9\x2f\x24\xed\x93\x1b"
	"\x1f\x7c\x98\xbe\x6b\xba\xae\xa7\xa6\xdc\x0b\x11\xeb\x45\xa1\xd6"
	"\x47\xc1\x93\x22\x4f\x4d\x85\xaf\x7c\x49\x9e\xf2\x88\xcf\xef\x8c"
	"\x0b\x31\x55\x98\x10\xfb\x03\x55\x0b\x22\x96\x7d\x57\x92\xd8\xb3"
	"\xd0\x0b\x90\x4e\xd0\x2a\x26\xaa\x33\x4d\x36\x52\xae\x8d\xd2\x94"
	"\xd8\x4f\xdd\x91\xeb\x0c\xaf\x9b\x98\x94\x4e\x77\x70\x15\x8b\x14"
	"\x90\xc5\xd4\xac\x18\x3b\x41\xb1\xa4\xc0\xd9\x6b\x43\x32\x99\x0f"
	"\xa2\xc7\xae\x02\x13\x55\x62\xc4\xc3\x10\x4b\x5b\x46\xff\xf8\xa3"
	"\xea\xbf\x53\x79\x48\xa6\xca\x5e\x6e\x4e\x35\x4e\x8d\x26\xac\x2e"
	"\xd7\x0c\xfb\x94\x0a\x53\x3b\x1a\x49\xc6\xac\x98\xa7\x8c\xdf\x9c"
	"\xb7\xd5\x52\x58\xec\xc7\x36\x34\x68\xab\xc5\x01\x02\xfa\xca\xaa"
	"\x23\x9c\xf4\x68\x30\x44\x9d\xf7\xa2\xa6\xfd\xad\xce\xfb\x51\x30"
	"\xfa\xc8\x25\x18\xf7\x37\xe3\x96\x25\x95\x08\x2d\x32\x2c\xf4\x73"
	"\x5d\xae\xb1\x80\xad\x34\x38\x25\x33\x66\xa4\x62\xe0\xbb\xbe\x26"
	"\x1e\xba\x87\x5f\xf0\x88\x36\xa5\xcb\x31\x0f\xf4\x2a\xde\xb6\x1c"
	"\x39\x0d\x93\x62\x05\xce\x64\x60\x56\x46\x1a\xd7\x89\x08\x48\xa5"
	"\x15\x7f\xc2\x11\xae\x8b\x63\x53\xa2\xdf\x9d\xae\xdd\x57\xf2\x55"
	"\xb0\x4d\x92\xda\x5c\x90\xa8\x58\xe4\x73\x0a\x81\x9c\xb9\x7e\x98"
	"\x67\x1e\x51\x50\x83\x7a\x5b\x55\x6c\xab\x4a\xe6\xee\x79\x42\x39"
	"\xc4\x36\x99\x56\x32\x77\xba\xfc\xc5\xbb\x56\x43\xf5\x62\xf5\x14"
	"\x96\x2d\x82\xa6\x59\xa8\x92\xb5\xd4\x55\x24\x24\xa8\x8f\xbc\x34"
	"\x74\x36\xc9\x48\xef\x8d\x4a\x83\x1c\xaa\xab\xac\xdc\xa9\x3d\x7c"
	"\xed\x5f\xad\x1c\x36\x5e\x66\x73\xad\xf2\x06\xfc\xb1\xb9\x55\x43"
	"\xd0\xd4\x3a\xa9\xa1\x40\x97\xc8\x2c\xf7\x5d\x3b\x7d\x3f\xe3\x5c"
	"\x42\x0c\x00\xba\x03\x03\xcf\xd1\x3f\xa3\x2e\x66\x26\x84\x8e\x50"
	"\x5a\x28\x4d\x41\xf7\x43\xf7\x81\xb4\xb8\x8f\x73\x41\x68\x2d\x5c"
	"\x83\xc8\xc2\x8f\x03\x30\xeb\xb4\x08\xd5\x30\x30\x5e\xc4\x49\x60"
	"\xe6\xd0\x87\x9a\xc1\x8c\x61\x16\xae\x88\xb6\x22\xb8\xf9\x74\x00"
	"\xfe\xdd\x7c\x79\x2c\xff\xfa\xf2\xfc\xfc\xf0\x75\xf7\xe7\xe8\x75"
	"\xe2\x21\xec\xef\xed\xd3\x11\x6d\xcc\xdb\x7e\x57\xde\x1c\x8f\x3f"
	"\xf9\xe4\xbf\xc6\xe3\x73\x38\xe4\x9f\xac\x2e\x86\xa6\xd6\x3f\x8d"
	"\x0e\x89\x12\x3f\xe7\xb3\x88\x0d\xf5\xad\x8d\x6c\xca\x40\xdb\x4e"
	"\x32\x22\x16\x45\x90\xc7\xa9\xf3\x91\x80\xe4\xc5\x3d\x96\xe2\x04"
	"\x81\x31\x3b\x1a\x32\x57\x05\xb1\x97\xee\xff\x06\xa3\x1a\x6f\x5f"
	"\xb6\xdf\xcb\xe7\x52\xd9\xf9\x13\x2e\x3c\x94\xff\x79\x07\x47\xf1"
	"\xa7\xf7\xf6\xb0\xdd\x19\x05\xc5\x78\x5e\xc3\x8c\xde\x9a\x27\x18"
	"\x21\xc5\x9c\xaf\xf0\x59\x43\x56\x98\x75\x89\x3a\xba\x5b\x9b\x7d"
	"\x42\x63\xc1\x6f\x6f\xf6\x42\x51\x34\x4f\x39\xb0\x23\xad\xd0\xed"
	"\xff\xd1\x08\xef\x76\xf0\xe2\xe5\xdf\x37\xc1\xe4\x86\x2a\x78\xec"
	"\xc9\x97\x74\x1a\x70\x38\x0e\x30\xad\xc0\xb9\x46\x9d\x10\x70\xd0"
	"\xf7\x4a\x55\x4e\xfd\xfb\xf9\x28\x75\x9f\x4b\x16\x0d\xcd\xc7\x62"
	"\x50\xcf\x5e\x9c\xb8\xd1\x83\x3f\x2d\xbd\x07\xaf\xad\xd4\xbd\xd5"
	"\xed\xfa\x9c\xcc\xe8\x5d\xce\x49\x0c\xbf\xd9\x62\xa8\xf9\x80\x6d"
	"\x6f\x15\x8f\xd0\xb9\xec\xc0\x94\x0f\x1c\xd0\x95\xad\x48\x5a\xbf"
	"\xa7\x21\xee\x0d\x73\xdb\xcb\x25\x07\xa5\x9e\xc8\x63\x0d\x81\x3e"
	"\xd8\x2d\xcf\xd8\xad\xab\xe5\x69\x8d\xec\x71\x67\x65\x76\xed\x97"
	"\x08\x0d\x4c\x31\x0c\x8f\xb7\x99\xe4\x76\x51\x81\x09\x3b\x25\x25"
	"\x61\x72\xa7\x81\xbc\xa0\xeb\x43\xd7\xce\x2b\xb6\xed\x75\x97\x28"
	"\x0d\x44\x3b\x02\x58\xa9\xb4\x2a\xe1\x56\xfd\x84\xbb\xfd\x16\x1f"
	"\x1d\x78\x2a\x5c\xf0\xca\xe7\xf7\x9d\xf1\x66\x90\x1c\xbd\x5d\xb9"
	"\x7d\x03\xfb\xf5\x52\xb6\x58\xef\xf9\x1d\x40\x5f\xcb\xba\xa0\xa1"
	"\x7c\x6c\x99\xb0\x0a\x35\xdf\x1a\x3e\xfe\x9a\xea\x05\xc2\x7a\x75"
	"\x55\xfd\xf2\x0b\x3d\x92\x06\x53\x05\x10\x4a\xb7\x3d\x9f\x74\x5b"
	"\xd7\x74\x8a\x5c\xa4\xc6\x4b\xa1\x1a\xa0\x55\x60\xb7\x5e\x7a\x8d"
	"\x12\x4b\x96\xaa\x84\xa4\xdb\x61\x63\x33\x98\x8d\x2a\xff\x72\xf9"
	"\xb5\x60\x7b\x23\x6a\x84\x84\x35\xa4\x8e\x2e\x5a\x9f\x20\x56\xba"
	"\x5c\xe1\xdc\x4e\x43\x0c\xce\xcf\x92\xaa\xdb\x67\xe7\x48\xc6\x18"
	"\x2a\x71\x61\xf7\x1f\xac\x50\x2f\x04\x43\x59\x8d\x58\x45\x6c\xcd"
	"\xda\x07\x56\xd4\x1d\xc1\x28\x85\x73\xb7\xf4\xa3\xa5\xde\x62\x7d"
	"\x5b\xdf\xbb\xd3\x30\x64\x10\xbe\x82\x03\x56\x2b\xbd\x1e\x49\x4f"
	"\xe3\x4e\x9d\x59\xb5\x47\x29\x17\x82\x75\x32\x9f\xca\xc9\xb4\x77"
	"\xbc\x2e\xb6\x38\xed\x9a\xde\xb6\x12\xec\xa7\xc3\xf3\xdf\x98\x12"
	"\xe8\x39\x35\xc2\x8f\x31\x83\xc3\x25\xf7\x79\xd4\xab\x40\x84\x9f"
	"\x7e\x40\x15\xb2\x2c\x5e\x93\x8c\xa2\x5f\x89\xb7\xbd\x4e\x9a\x75"
	"\xe1\x87\x75\x11\xf4\x60\xb0\x18\xfb\xbe\xe1\x34\xcc\x39\x9f\xc3"
	"\x99\x6d\xc6\xe8\xe8\x20\x59\x7e\x3f\x6c\xbd\x6f\xcd\x52\x2b\x05"
	"\x6b\x5e\x5b\xf8\xd9\x5d\xaa\x3f\x3b\xad\xbe\x0b\xb1\x20\x63\x55"
	"\x7e\xf9\xdc\x83\xa8\x8e\xe4\xb3\xee\xc0\x98\xf8\x3e\xdb\x7d\x22"
	"\x9b\x38\xc8\xba\x44\xe7\x17\x7d\xd3\x80\xf8\xce\x89\x22\x10\xcc"
	"\x0c\xc0\xc1\xd3\x75\x4c\xbb\x41\x0e\x4d\x67\xbe\x40\x17\xad\xa2"
	"\x72\x74\xe1\x67\xbe\x1c\x8f\x02\x16\xfe\x8b\xe5\x03\xed\xf4\xe3"
	"\xf5\xfb\x0b\x02\x7f\x26\xa3\x0e\xaf\x31\xac\xc8\x21\x9e\xb9\xef"
	"\x9c\x42\xe3\x05\xf3\x56\x7b\x8d\xfd\xf9\xb1\x7c\x2d\x5f\x1e\x9d"
	"\xfa\xb2\xf2\x3d\xcd\xf2\x6b\xe5\xb4\x5a\x30\x5e\xd5\xed\x52\x2b"
	"\x3e\xec\x82\x97\xa7\x7a\xd0\xd3\x94\xff\x17\x3c\x5b\x30\x70\x33"
	"\xea\x72\x6e\x78\x2a\xed\x0a\xd2\x4e\x49\xa9\x1a\xaa\x55\x21\x79"
	"\xa2\xe2\x39\x7c\x17\xa2\x82\x37\xeb\xe8\x63\xf4\x84\x2f\xb3\x20"
	"\xe0\x82\x0d\x37\xde\x2b\x2d\x33\x2a\x9d\x9d\x2f\xdd\xd0\x3e\x72"
	"\xc7\xa4\x15\xdc\x78\x53\xd0\x06\xd0\xaa\xc0\x77\xc1\xf9\xd2\x42"
	"\xaa\xdb\x33\x0e\x91\xe1\x3c\xe7\x7a\x19\xcd\xe9\xf5\x16\xf0\x4d"
	"\x59\xe6\xea\x0d\xa9\xe3\xf9\x2b\x22\xf1\x9d\x01\xba\xe6\x66\xe6"
	"\xaa\x0e\xf0\xc1\x57\x94\x2c\xbc\x6b\x1e\xb1\x74\x09\xb0\xe2\xa9"
	"\x8a\xff\x9d\x33\x57\x03\xd7\xe1\x65\xb1\x5e\x30\x49\xcd\x27\x70"
	"\x8b\xaa\xdc\x09\xa2\x1a\x82\x96\x14\xcb\x9f\xeb\x5d\x01\x73\x61"
	"\x33\xa3\xae\xeb\xd7\x41\x95\xc1\xd0\x21\x8b\x75\x31\x83\x41\x97"
	"\x56\x3a\xb2\xad\xe4\xc7\xd1\x5c\x70\x75\x5f\x59\xcd\x00\x63\x29"
	"\xd7\x72\x5a\x49\x74\x65\x1d\xf0\x81\x53\xf5\x32\xb7\x79\xad\xef"
	"\xe8\xa2\x4e\x05\x80\xe2\x8d\x8c\xd7\x72\x7d\xf0\x2a\xeb\x88\xb3"
	"\x42\x5b\x41\xcd\x3b\xd6\xfa\x87\x0b\x4c\x74\xf3\xaa\x54\x2f\x29"
	"\x77\xb4\xb5\x1a\xc1\x16\x71\xbd\xa8\xbe\xe2\x2e\x08\x17\x44\xaf"
	"\x4a\x00\x97\xac\x83\xee\x79\x25\x6a\x51\x39\xde\x87\x5a\x14\xe0"
	"\xa7\xd5\xcc\x49\xa9\x8f\x35\xff\xda\xcd\xae\x4a\xd6\x08\x75\x28"
	"\xf1\x5d\x4d\xd6\x61\x3d\x32\x40\x61\xd4\x9b\x02\x76\x4f\x5d\x5c"
	"\x37\xaa\xb8\x6d\xc5\xb0\xc1\xb7\xee\xd6\x09\x71\xb4\xba\x6a\x7f"
	"\x45\x02\x18\x5c\xe0\x33\x42\xb0\x9c\x81\x5e\xbe\x86\xbf\xba\xc0"
	"\xe6\xb5\x47\x31\xed\x20\xaa\x1a\x59\xbb\x0c\x2e\x45\x20\x89\x1a"
	"\xa7\x35\x5b\x6f\x3e\xa6\xd0\x9e\x58\x74\x0e\xa4\xcc\xf0\x3a\xdf"
	"\xd5\xdb\x00\xca\x6e\x5e\x27\xc9\x5c\xcd\x5d\xa8\x53\x73\x55\xb3"
	"\x0f\xf6\x27\x30\x1e\xaf\xd1\x50\xed\x7c\xf3\x04\xaa\xb2\x34\x3e"
	"\x5f\x7d\xfe\xba\x7d\x2b\x1f\xbd\x3f\xab\x94\x7b\xf5\x4b\x20\x55"
	"\x56\xa1\xf5\x53\x80\xac\x9e\xf1\x50\x22\x52\x91\xd5\xc6\xc4\x7c"
	"\x93\x84\x79\x60\x7c\xb8\xcf\x85\x04\x0f\xc8\xfa\x3d\x0c\xfc\xa5"
	"\x90\x8a\x40\x18\x6f\x39\x63\x7c\x8e\xa5\xab\x67\xf5\xa0\x49\xe0"
	"\x5b\x9b\x36\x11\x5c\xcb\xa6\x2d\xac\x75\x2e\x11\xf3\x41\x1d\x54"
	"\x9e\x38\xc1\x55\x0b\x07\xb2\x56\x24\xdd\x31\x44\xe6\x9f\x7e\xfb"
	"\xc3\xbc\xf6\x6c\x08\x98\xdb\x81\xaf\xd1\xa8\x6b\x7a\xab\x9a\x60"
	"\x9f\x63\x98\x0d\x9c\xb9\xa0\x58\xe2\x7b\x2e\x57\x21\x6a\x7d\x30"
	"\xd5\x63\xe8\x08\x6c\x93\x6e\x3e\x66\xe6\x83\xe1\x68\x16\x90\xd0"
	"\x7c\xc5\x2b\x7c\xc1\x40\x2e\x6e\x73\x2a\xcc\xa7\xe0\xf5\x73\xca"
	"\x99\x70\x4f\x5f\xc3\x5b\x3f\x8a\xd1\x21\xa9\x8a\x9e\x99\xbc\x1b"
	"\xa4\xc2\x74\x6f\x30\x48\x01\xaa\x81\x4b\x19\xf5\xd5\x22\xaa\x77"
	"\xc7\x75\x1a\x4f\x69\xff\xac\x97\x6c\x3d\x93\xfd\x5d\x54\x0f\x6c"
	"\x19\xbe\x60\xa7\x89\xdf\xff\xd4\x14\x2b\x33\x42\x61\xf3\x0c\xb7"
	"\x8a\xa7\xa4\x9b\x2f\x49\xb7\x87\xe3\x93\x0a\xac\xb1\x56\x4c\x2f"
	"\x74\x26\x60\xd9\x55\x7c\xd3\x84\x7d\x46\xac\x06\xee\x5b\xd2\xd2"
	"\xb8\xa3\x18\xb6\xf9\x80\x82\x8b\xf0\xa3\x3e\x62\x50\x8b\x1f\xd1"
	"\x48\x92\xb1\x0f\x68\x62\xe2\xbb\x29\x1a\xbc\x08\xb8\x68\x29\xec"
	"\x5f\x1f\x08\x98\x58\x76\x3c\xcc\xb6\x73\x96\xc0\x52\x45\x3e\x1b"
	"\x9e\x03\xfe\xfa\x40\xc6\x44\xb1\xb9\xba\xf8\x60\xb6\x39\xf4\xa7"
	"\x22\xbb\xe1\x71\xa3\x20\xfe\xa0\x23\x31\xff\x88\x31\x60\x24\xb2"
	"\x0f\xf7\x49\xe4\x1f\xed\xf5\x12\x02\x0e\x32\xc8\x61\x1a\x32\x37"
	"\x7f\xf1\x97\x72\x2e\xae\x3e\xe8\x5f\x3b\x41\xbd\x23\xa0\x9c\xc7"
	"\xb7\x66\xb5\x48\x0d\x43\x4f\x44\xbd\x6e\xad\x7e\xac\x86\x7b\xe2"
	"\xe1\x47\xf9\xf8\xbe\x33\x72\x82\x8c\x57\x97\x62\x09\xe7\xfa\x0f"
	"\xbe\xd4\xd0\x00\xec\xbf\xba\x14\xe8\x60\xfc\xd0\xc8\xdd\xc1\x67"
	"\xd1\x1c\x56\x45\xe0\x5c\x50\x93\x9c\x6d\xba\x1d\xf8\x09\x22\xab"
	"\xff\x06\x8c\xd3\x1c\x68\x55\x0f\x7e\xf3\xe9\xe1\xdb\x7f\x4e\x46"
	"\x0d\x58\xd1\xbf\x1e\x0d\xb9\xbc\x9b\x99\xb9\xac\x06\x31\x0b\x9d"
	"\x89\x4c\x91\x8c\xb5\xf8\x2a\x61\x89\xda\x2c\x91\x82\x61\x45\xab"
	"\x65\x5e\x31\xea\xcf\xfb\x88\x04\x9f\xcc\x2f\xb2\x78\xad\xbf\xf4"
	"\xc6\xb7\xce\xaa\x31\x68\x1f\xbe\x4e\x74\x7f\xb7\x7a\xac\xd8\x83"
	"\xc4\x91\xfa\x70\x6d\x82\x4e\xc9\x00\xfd\xa7\x7c\x78\x3f\x6e\xbf"
	"\xee\x4a\xf5\xfb\x66\x9e\x7a\x73\x7b\xd4\xa4\x61\xc6\x92\x30\x96"
	"\xe8\x3a\x1a\xca\xe0\x04\x2d\xc2\x20\x75\xfe\x2e\x0c\xe0\xcc\xd8"
	"\x16\xbf\x54\xc8\x70\xda\x1b\x6c\xbe\xa0\x78\x1f\xa4\xbb\x10\x55"
	"\xd7\xc2\xcf\xaa\xaa\x54\x7b\xcc\x30\x72\xde\xb5\xd6\xd8\x98\x09"
	"\xdf\x1c\xb2\x0e\x52\xaa\x07\x63\xe5\xf3\xfe\xf0\x53\xbb\xb5\xe9"
	"\x46\xea\xd8\xbd\x71\xe5\x8a\x80\x02\x1f\xf1\xab\xe2\x40\xe3\xb1"
	"\x4b\xe5\x95\xd3\xd8\xb2\xe3\x09\x57\x37\x5d\x46\x2f\xf5\xcf\x56"
	"\xe9\x3f\xbd\x72\xfa\x95\x22\xbc\xcd\x4f\xa5\xda\x34\x75\x3d\x7f"
	"\x66\xbc\x3f\xb6\x9c\x61\xc7\x2f\x38\xcd\xc0\x69\x34\x7f\xb0\x60"
	"\x29\xe2\x81\x23\xa1\xfc\x75\x50\xd6\x85\xba\xeb\x3a\x1b\x5d\x5f"
	"\x68\xa7\x36\xa2\x60\xe4\xb0\x44\xd2\x9d\x47\x83\xe8\x47\x62\xb0"
	"\xef\xbc\x2d\x24\xe6\xb5\x1e\x19\x48\x90\x9e\xb0\xce\x7c\x1c\x62"
	"\x41\xef\x13\x71\x73\xd9\x36\xb9\xff\x3f\xca\xae\xad\xc7\x6d\x1c"
	"\x59\xff\x15\x63\x1f\x16\x3b\xc0\x06\x63\xcb\x6e\xb7\xbd\xc0\x79"
	"\xa0\x28\xca\x66\x5a\xb7\x16\x65\xb7\x9d\x17\xa1\x27\xe9\xd9\x69"
	"\x4c\xe7\x82\x74\x67\x77\xe6\xfc\xfa\x53\x45\x4a\x36\x29\xb1\xa8"
	"\x39\x03\x24\x13\xb3\x8a\x14\x45\x52\xc5\x2a\xb2\xea\xab\xaa\x24"
	"\x4e\x00\x3f\xc4\x07\xbf\x74\xf9\xa0\xc8\xb0\xef\xde\xb6\xd7\x61"
	"\xbb\xf0\x5d\xd7\x22\x77\xaf\xac\x8d\xd1\x8f\xfe\x14\xbd\x59\xe7"
	"\xc3\x46\xa8\x19\xa2\x3b\xf5\x36\xe3\xf5\xfc\x57\xd4\xfa\xd0\x74"
	"\x88\xc2\x73\xd5\xd7\x41\x2e\xc6\xa0\xc0\xec\x73\x56\xdf\xf9\x90"
	"\x42\xec\x3b\x40\x84\xf5\x80\xe7\xd7\xe6\x10\x46\xaf\xe4\xe2\xe9"
	"\xed\xbf\x5f\xbf\xff\x8e\xf7\x06\xa3\x25\x8c\x61\x30\xa2\x71\x6f"
	"\xd1\xb1\x04\xb6\x51\xe6\x7b\x09\xdc\x66\x9d\xcb\x7a\xdc\xc6\x87"
	"\xbc\x57\xad\x37\xf3\xcd\xd8\x29\xb5\x03\xc9\xf1\x97\x8e\xa0\x1e"
	"\x14\x0d\x71\x2b\x74\xa1\x0e\x64\x4a\x19\x71\x9c\xa7\x59\x40\xa7"
	"\xc0\xf3\x17\xe9\xd5\xf7\x34\x87\xf9\x2c\xc4\xa8\x71\x9c\x01\xa9"
	"\x1a\xc9\x95\x7f\x90\x31\x9e\xcf\x1d\x68\x28\xb0\x5a\xbb\xc0\x94"
	"\xd8\xf3\xf1\x20\x6b\xb1\x3b\x80\x51\x6b\x9f\x18\x5e\x0a\x49\xf4"
	"\x17\x59\x99\xc0\xd1\x0e\xa3\xeb\xba\xd2\xaa\xeb\x95\x42\xad\xbd"
	"\xb7\xfd\x95\xab\xc2\xde\x8f\xf5\xef\x36\xd9\xf3\x71\x21\x4a\x9f"
	"\x71\x69\xcd\x6a\x67\x81\xeb\x55\x55\x11\x01\x35\x86\xb8\x43\x89"
	"\x2d\xf2\xc3\x89\x18\x3c\x68\xb9\x39\x14\x85\xc8\x06\xaf\x93\xeb"
	"\xd7\x20\x50\x64\x0a\x90\x6b\xe5\x9d\x14\x2a\xf0\xe0\x63\x23\x89"
	"\x47\x1e\x92\xcb\x33\x3f\xbb\xb5\xd2\xf2\x40\xb6\x08\xb4\x6b\x67"
	"\xfd\x0f\xc6\x29\x6e\xd9\x9e\xa6\x09\x55\xd1\x44\x59\xa1\xb0\xf6"
	"\xcd\x1b\x52\x2f\x83\x64\x17\x9a\x75\x8b\x1b\x0b\x08\x98\x42\xb9"
	"\x60\x04\x43\x8e\x70\x03\xb1\x10\xc3\xba\xf8\xfd\x0e\x8a\x1a\x5e"
	"\xf5\xc5\x6e\xe7\x71\x4c\xc9\xef\x5d\x73\xd4\xec\x61\x82\x03\xa9"
	"\xb0\x56\xf0\x7c\xcc\x6f\x49\xe2\xd3\xe1\x9f\xbb\xcb\x5a\xf7\x0c"
	"\xd6\x85\x87\x1f\x62\xfb\x78\xab\xdf\xb9\x7a\x3a\x68\x73\x3f\x7e"
	"\x79\xfe\xf8\x37\xb7\xf5\x3c\xb9\x19\x98\xf3\x97\x15\xa9\xc3\x56"
	"\xac\x15\x7a\x5c\x77\x5f\x1a\x86\x64\xf8\x83\xd6\x34\x93\x81\xfd"
	"\x41\xf9\xd1\x26\x2c\x21\xdf\x7e\x1d\x5a\x38\xeb\xe0\xca\x59\x7b"
	"\x96\x8e\xdb\x87\x5c\x56\x6b\x9a\x2a\x33\x46\xac\xba\xf5\xf4\x0a"
	"\x5b\x4f\x2c\xb1\xf5\x78\x8d\x0d\x3a\x7f\xa5\xeb\xf1\xec\x60\x92"
	"\x18\x69\xc0\xe8\x3e\xfb\xbf\x6e\x4d\x52\xb2\x19\xcd\x14\x94\xb5"
	"\xeb\x3a\xa1\xaa\x14\x60\x1d\x72\xad\xa1\x35\xe7\x4a\x8c\x6a\x9b"
	"\xf7\x0a\x0c\xaf\x01\xa6\x80\x01\xc0\x90\x0f\x15\x60\xa4\x85\x9a"
	"\xe9\xa6\xd8\xad\xdb\xec\x61\xea\x79\x9a\x0d\xb6\x7d\x4e\x09\x2b"
	"\xda\xd0\x05\x22\xc2\xec\xe2\x21\x38\xad\x36\x80\x2a\xd9\xc5\x5d"
	"\xcb\xf4\x3c\x90\xf7\xba\x76\xb5\x3f\xeb\x83\x66\xd8\x1a\xf3\xca"
	"\xaf\xd6\x00\xeb\xf0\x80\xfd\x52\x64\x9f\x83\x74\xa0\xc6\xdf\x9f"
	"\x50\x1f\x01\xfb\xe1\xed\xe9\xfb\x08\xf8\x78\x54\xff\xaa\xc9\xd8"
	"\x5d\xeb\x88\xf8\xfe\xb2\xd0\x97\x1b\x0d\x35\x06\x03\x56\x8d\x16"
	"\xfb\x17\x79\xb3\x72\xf7\x17\x39\x4b\xe5\x17\x0b\x05\x82\x56\x15"
	"\x85\xd6\x09\x29\x06\x84\x0b\x84\x76\x12\x71\xa4\x38\x02\x6b\xed"
	"\xda\x95\x53\x70\x45\xe2\x95\x12\x45\x3a\xaa\xd1\x01\x97\xac\xfe"
	"\x15\x98\x24\xbb\x6f\xaa\xd4\xca\x22\x2c\xd6\x15\xd9\xfd\xaa\x2e"
	"\x4f\xe7\x20\x4b\x82\x86\x7f\x80\x8e\x63\x04\x0a\x49\x88\x1c\xaa"
	"\x5e\x8b\xf7\x18\xf7\x4e\xb2\xc0\x20\x00\x17\x58\x90\xc1\x21\x2c"
	"\xf0\x26\xd9\xc3\xd3\x8d\xd8\x7f\xd6\xff\xff\x31\x5b\x4f\x8f\xd9"
	"\x7a\x62\xcc\xd6\xd3\x2f\xbd\x9e\x18\x37\x6a\xc3\x58\x4f\x8e\x4a"
	"\x5c\x99\xd5\x47\x0d\x59\xc2\x79\x45\xae\x48\xde\xf8\x69\x35\x01"
	"\xea\x08\x82\x97\x80\xe3\x68\xfc\x1e\xf7\x59\x44\x3c\x61\x8c\xfd"
	"\xe3\x5c\x18\xa3\x82\xa2\xd8\x50\xfb\x85\x22\xbf\x8b\x7d\xc6\x8a"
	"\x76\x33\x8f\x16\xf7\xc4\x99\x15\x2f\x88\x6f\x2f\xcb\x78\x44\x1d"
	"\xce\x66\x7e\x79\x71\x8a\xfc\xa8\x3e\x19\xab\x7c\xf8\x61\xd5\xbe"
	"\x44\x5b\xc4\xd2\x7d\xd7\x59\xf9\x50\x31\x62\xbb\x15\x42\xe0\x8b"
	"\xdc\xac\x48\xd5\x38\x70\x36\xc7\x7d\x1d\x48\x0a\xc4\x7c\x50\x25"
	"\x82\xaa\x3b\xc7\x33\x30\x67\x4c\x9f\x92\xfb\xcf\xb8\x2b\x51\x1c"
	"\x4d\xa4\x89\x7f\xcc\xcd\x27\x44\xca\x44\x2d\x94\x49\x15\x34\xaf"
	"\x32\xda\x9c\x28\x94\xff\x91\x7b\x55\xd3\xa3\xa2\x7b\x4a\x4a\x70"
	"\xe0\xc8\x96\x88\xb3\x8d\x72\x3a\xc4\x55\x70\xe5\xd3\x75\x6a\x1b"
	"\x17\xb6\x4e\x35\x9e\xaf\xad\x7c\x9d\x2a\xe5\x81\x15\xd5\xbb\x7b"
	"\x2d\xcb\x10\x40\x6a\xa1\xa1\x55\x70\xf7\x4f\x08\xfd\xa0\x46\xbc"
	"\x5b\x75\x6e\x5d\xe0\xc4\xf8\x3e\x1b\x02\x10\xbe\x97\x0d\xd1\x44"
	"\x9a\x21\x1c\xb9\x46\xe8\x77\xcf\x23\x66\x6f\x4f\xaf\x6f\x83\xab"
	"\x49\xdd\xeb\xbb\x86\xc2\x45\xd6\x1f\x62\x5d\x82\xfa\x5e\x16\x92"
	"\x82\xde\xd9\xb3\xbc\x66\x89\xfb\xe6\x97\xf8\xe4\xc2\x72\x44\x82"
	"\x15\x08\xb6\x8a\x5b\x10\xf3\xdc\x2d\xd8\x0d\x18\xa4\x42\x7b\xf9"
	"\x73\xa7\xce\xc0\xa7\x94\x3c\xfd\xe7\xf9\xa3\xd7\x71\x0d\xd9\x8f"
	"\x9c\xf8\xda\x34\xf1\x14\xa2\xaa\x6c\x40\xb5\x68\xe8\x68\xeb\x74"
	"\x8b\xb3\x8c\xe3\x9d\xba\x41\xf8\x70\x63\xb2\x0b\x98\x03\x11\x7c"
	"\xd4\xae\x0e\x51\x11\xd0\x5c\x70\x4e\x74\x85\x8f\x47\x55\x17\xb5"
	"\x17\x00\xb7\xcf\x6e\x73\x1d\x95\x80\xf0\xd2\x1c\xfc\x96\x88\xed"
	"\xd6\x33\x90\x4a\xfc\x7f\x9a\x90\x1c\x79\x1b\x7a\x9d\x4a\xb0\x3b"
	"\x1d\xb9\x17\x68\x01\xc6\xa3\x0e\x12\x27\x7a\xa0\xde\xb3\x61\x48"
	"\x91\x4b\x2f\x53\x6f\xf0\x09\xf6\x5b\x55\x30\x32\x08\x5c\xf9\xeb"
	"\xe3\xc7\xa7\xd1\x82\xda\xcb\xe5\x62\x71\xa2\x5f\x9d\x57\xd1\x8d"
	"\x4b\xbf\x34\x7c\x50\x71\xa0\xe1\x0d\x5e\xcc\x6a\x16\xa2\x69\x91"
	"\xab\x30\x5d\x25\x48\x8f\xe8\x55\x16\xae\x7f\x77\x64\xe8\x2e\x14"
	"\x62\xc9\x79\xcc\x82\x0c\x7a\x6e\x43\x0c\x87\xd0\xca\x30\x37\xc1"
	"\x06\xd6\xd9\x77\x06\x18\x5b\x9e\xef\x31\x62\x7d\x8a\xc4\xb2\x7a"
	"\xa0\xa4\x4e\x31\xea\xc2\x61\x32\x45\x6d\xd3\x9c\x1d\xce\xb8\x10"
	"\x95\xdb\x18\x14\xc0\xfb\x8d\x9c\x95\x7a\x92\x76\x6b\xf5\x51\xf7"
	"\x32\x71\x5b\xda\x2b\x87\xee\x7a\xb8\xeb\x02\x42\xc3\x02\x9a\x12"
	"\x59\x4a\xe4\x4c\x89\x9b\xfe\x10\xbe\x97\xe3\xf1\xcb\x8f\xa7\xb7"
	"\xaf\x5f\xdf\x7e\x9b\x7d\x32\x32\x70\x14\x32\x10\x37\xfa\xc4\x36"
	"\x73\xdf\x94\x0f\x46\xa8\x71\xe9\x7b\x2e\x63\x44\x54\xb2\xe5\x86"
	"\x55\x6c\x5c\xb6\x49\x5f\x69\x9b\x13\x9f\xf4\xa7\x8f\x50\xdb\xd0"
	"\xcb\x3d\x41\xc1\x9e\x31\xec\xc8\x81\xd5\x8d\xaf\x0c\x06\xaa\x36"
	"\xc1\x0e\x63\xd2\x7e\xe5\x2d\xd6\xf8\x4c\xde\xb6\x62\xae\xaa\xc1"
	"\x1c\xf5\x24\xd6\xec\x97\x77\xe4\x5b\x6a\x96\x2c\xf3\x3e\x6e\x89"
	"\x67\xcc\x44\xab\x7a\x4e\xc2\xad\x9a\xa1\xf3\x55\xbe\xe7\x8c\x5a"
	"\x3d\x97\x5e\xef\xd6\x04\xb4\x92\xc5\x94\xd7\x47\xba\x0f\xf0\xf8"
	"\x68\xbe\x3c\x8d\xd6\x45\x05\x62\x75\x5c\x9a\x9a\xd5\xe2\x14\x1e"
	"\xe1\x8f\x53\x86\xcf\x1b\x15\xb4\xdd\xa4\xdb\x1d\x1c\x8d\xb9\x4d"
	"\xcc\x9b\x3b\xec\xbd\xef\x42\x17\x6c\xae\x53\x5d\x71\xbb\xb5\xbe"
	"\x8c\x36\xb3\xae\x1c\x85\xb6\xd7\xb2\x92\x82\x45\xea\x19\xa9\x1b"
	"\x83\xfa\x74\xc7\x5c\x7f\x93\xb4\xbd\xf3\x02\xfc\xe1\xca\xc8\x1c"
	"\x27\xdd\xbe\xc4\x45\xc2\x79\x40\x3f\x45\xf7\x5e\x56\x17\xb9\x39"
	"\x13\x74\x91\xaa\xce\x36\x9e\xff\x0e\xed\x88\x85\x73\xe8\x9e\xe9"
	"\x22\x1d\xe9\x80\x47\x80\x7e\x19\xdc\x55\x44\x11\x2c\x32\xb0\x02"
	"\xea\xf6\x81\xd5\x05\x6c\x94\x2a\xcc\xcf\x05\xba\xd4\x76\xc0\xc6"
	"\x6d\x59\x78\xe1\x29\x2e\xdc\xe8\x23\x25\x6b\xed\xcf\x85\x1e\xcb"
	"\xb5\xd8\x25\xf1\xb8\xf7\xda\x3f\xb2\xf7\xeb\x43\x16\x0d\xe7\xe8"
	"\xe1\xeb\x0f\x9c\x07\x6a\xf8\x95\x4c\xde\x5c\x5e\xba\x5f\x27\xcc"
	"\xc2\x18\x1e\xb7\x81\x63\xec\x4b\x63\x25\xe3\xd1\x40\xf7\x65\xe4"
	"\x3a\xc9\x19\xef\x2b\x0d\x4a\x0c\x44\x1f\x77\x70\xe5\xba\x11\xe3"
	"\x78\x07\xac\x1a\xc7\x55\xd4\x47\x6d\xf7\xce\x0b\x78\x59\x8e\xfb"
	"\x26\xd0\x2d\x64\xbd\x5c\x3e\x07\x9f\xd9\xfb\x6b\xfe\xed\xf3\xf3"
	"\x97\xd7\xb7\xef\x4f\x2f\xed\x6f\x6f\x7f\xf3\x3c\x3b\x17\x84\x4d"
	"\x77\xe1\x20\x77\xc4\x0b\x87\x67\x12\xbd\x0f\x52\xfd\x1d\x30\xe5"
	"\xda\xe6\xb6\xa8\xa3\xc7\x42\x83\xa1\x1a\xd6\xea\x38\x07\x0c\xa3"
	"\xc6\x54\x02\xff\x33\xb7\x6f\x11\xa1\xd4\x7f\x86\x92\xde\xc9\x8c"
	"\x3c\x17\x6e\xb7\x15\xa1\x02\x49\xff\x39\x26\x17\xd5\xbe\xa5\x7c"
	"\x03\x8b\x94\xc0\x82\x50\x0c\x2c\x6d\x41\x5f\xdc\xa5\x7e\x9a\xef"
	"\x54\xbc\x3f\x4e\x50\xcd\x10\xc0\x0a\x0c\xd9\x16\x91\x06\xd5\xe8"
	"\xbc\x46\x1c\xf1\x18\xc0\x3b\xb8\x67\xfd\x6d\x77\x1c\x76\xc5\x94"
	"\xc9\xac\x3c\x7a\xef\x54\x8d\x5f\x73\x67\xea\xf6\x1a\xd0\xc8\xf6"
	"\xbb\x06\x7c\x3c\x7f\xec\x8a\x67\xe5\x28\x96\xdc\x60\xc8\x1b\x1c"
	"\x2f\xcb\x07\xc8\x2e\x46\x48\x81\xbd\xe5\x5a\x0b\x9d\x6d\xf2\xca"
	"\x46\xfb\xe8\x4b\xc0\x16\x3e\xd8\x5e\xf9\xb0\x64\x8a\x84\x65\x8e"
	"\xc3\x7a\x55\x9b\xb6\x2f\xe1\x4f\x3a\x4d\xce\x28\xf8\xea\xe5\xeb"
	"\xe3\x27\x3b\x22\x29\x7d\x68\x2f\x21\xd8\x97\x8c\x13\xb0\xba\x2f"
	"\xed\x60\x07\xed\xb8\x29\xc3\xdd\x5a\x30\x65\xbe\xed\x87\xe9\x98"
	"\xb3\xa3\xed\x71\x73\x01\x05\xc0\xc3\x02\x3f\x6d\x50\x3a\x00\xef"
	"\x4f\x6a\x79\x24\x0e\x22\x2f\x5a\x7d\x4d\x1c\x63\x1a\x06\x1d\x83"
	"\x67\x9a\x01\x79\x9f\x53\x00\xdb\x9a\x8d\xe9\x0c\x09\x1d\xb3\x0e"
	"\x3b\x09\x78\x8d\x68\x6f\x7e\xd0\x59\x07\xc9\xdc\x10\x99\x34\xb6"
	"\x43\x4c\x60\x93\x71\x3c\x86\xcc\xef\x56\xda\x99\x8c\xba\x32\x65"
	"\xc7\x71\x74\x65\x79\x6e\xe7\xa2\xe8\x2b\xdb\x19\xd0\x30\xb6\x45"
	"\xed\x61\xda\x92\x0e\xb7\xcc\x19\x46\x20\xa6\x1a\x59\x48\x87\xc6"
	"\xf8\xbe\x3e\x0c\x8d\xd1\x7e\x3b\xdd\xda\xff\xf5\xf1\xc7\x8b\x0e"
	"\xe9\x7f\x7b\xfe\xf7\x8f\xaf\x3f\x5e\x67\x9f\x8d\xcb\x14\x2c\xa5"
	"\xc7\xd9\xeb\xf3\xff\x3e\xfd\xcb\x0a\x6a\xc2\x67\x63\x4e\x94\x3c"
	"\x3e\xc3\x10\x5a\x88\xef\x17\x8a\xc2\xf0\x52\x43\x1d\xb8\x06\x5d"
	"\xc8\xe8\x2a\x03\xeb\x98\x11\xc8\xed\x6e\x53\xb2\xf8\x0b\x4c\xec"
	"\x44\xb9\x14\x8d\x93\x13\xf4\x13\x6a\xc2\x70\xae\x00\x34\x17\x14"
	"\x2e\x63\x06\x39\x96\x75\x5c\xf3\x5c\x35\x71\xbb\x93\x68\xb9\xd4"
	"\xbe\x43\xd2\x11\x42\xef\x00\xa9\xb6\x04\x93\x5e\x71\x67\xcd\x2b"
	"\x89\xa2\x15\xa3\x3b\xfd\x48\x5c\x8d\x41\xef\x72\xc0\x64\x3a\xcc"
	"\xcd\x0e\x37\xc8\xf7\xd6\xe6\xe9\x65\x6d\xab\x13\xbb\x42\x79\x5d"
	"\xd5\x1b\x17\xf5\xa6\x49\xf4\x87\x41\x6c\x90\x0d\x2a\x59\x89\x06"
	"\xb7\x40\x67\x54\xa2\x41\xc7\x61\x55\x0d\x9b\x67\xa9\x0a\x56\x2e"
	"\x53\xa2\x5e\x7d\x3b\xae\x37\x70\xe3\xfe\xf6\xf8\xfd\xd5\x92\xdf"
	"\x87\x57\x44\x6b\xf8\x8a\xbe\xae\x26\x91\x48\xf3\xfd\xf1\xcb\x6b"
	"\x17\x4b\x9d\x3d\xfe\xe9\x98\xb8\xf8\x8c\x38\xbb\x03\xf1\x62\x47"
	"\x14\xe8\x42\xe3\xe8\x77\x95\x8f\x0d\xb1\x23\x53\x04\x49\x52\xea"
	"\x34\x21\x9b\x53\x2a\x4d\x08\x08\xa4\x7c\x58\xc9\x1e\xbf\xb2\x1a"
	"\x8d\xdd\xd0\x79\xcf\x21\x5e\xdc\x8a\x11\x73\x49\x1f\x6e\x8f\x46"
	"\xb8\x66\xf9\xcf\x75\x99\xff\x9c\xbe\x3c\xbe\xfe\x36\xfb\xf8\xdb"
	"\xf3\xb7\xf1\x11\x81\x9e\xf8\x54\x0e\x1f\xfd\x5e\x24\x82\x53\x92"
	"\x15\x19\xe0\x63\xbc\xa4\xc7\x74\x6a\x42\x63\x78\xb1\xd0\x85\xf8"
	"\x50\xcb\x05\x3f\x2c\xc4\x86\x6f\x75\xd2\xb1\x76\xe1\xce\xdd\x80"
	"\x1a\x05\xa9\x2b\x97\x8a\xcf\x97\x0b\x4f\x59\xe4\x29\x43\x43\xdc"
	"\xd8\x5c\xe3\x77\xc8\x41\xdd\x49\xc8\xe1\x47\x16\xd8\xea\x19\xf5"
	"\x2d\x01\x19\xc1\x1e\x86\x2d\xc3\x94\xd0\xdf\x68\x49\xd3\x58\xac"
	"\x40\x16\x8e\xb3\x2a\x3c\x7e\xfb\x66\x81\x45\xe8\x1c\xc4\x7a\x9e"
	"\x1f\x3f\x22\x3c\xab\x2d\x09\x75\xaf\x4a\x94\x5b\x27\x1c\xc1\x6a"
	"\x68\xd5\xd9\x4b\x6b\x7f\x56\x03\x0f\x4b\xab\x98\xc6\x50\xb2\x99"
	"\xca\x94\xaa\x0e\x92\x02\xe3\x7c\xc0\x56\x24\xb4\xd3\x01\xf3\x4e"
	"\x60\xb0\x02\xc9\xa9\xe7\xb0\x3d\x62\x8c\x60\x4d\x37\x97\xb1\x66"
	"\x30\xf4\x26\xa3\xca\xd3\xcb\xaf\xef\x70\x07\x7d\x7c\xfe\xf2\xf4"
	"\x69\x06\xac\xe3\xb3\x34\xb7\xa1\x9c\xdf\xdc\x2c\xc8\xe7\x20\xae"
	"\x68\x9a\x31\xd7\xe0\xb1\x97\x6e\x74\x53\x6d\xe6\xb6\x80\xd7\xa5"
	"\x7c\x5f\x45\xcb\xbb\xe8\x66\x4d\x36\xac\x54\x13\xdd\x64\x34\x39"
	"\x0b\x2d\xac\x6a\x1f\xa2\xc2\x9f\x10\x59\xcb\xd1\x28\x6f\xc6\xb0"
	"\x72\xc9\xf3\xeb\xef\xef\xca\x2f\xef\x38\x2e\x38\xfa\x1a\x46\x8f"
	"\x4b\xc9\x77\x4b\x4a\xf2\x15\xa2\x70\xb0\x55\xac\x42\x93\x31\xe9"
	"\x6c\xb2\x1c\x0e\x17\x54\xcf\xe3\x41\x52\xf4\x70\xf5\x69\x02\xbc"
	"\x4d\x94\x0d\x2d\x68\x7b\x9e\xe8\x84\x02\x6f\x37\x18\x2b\x8b\x51"
	"\x73\x09\x17\x93\xc0\x2e\x47\xc4\x82\x40\x55\x77\x00\x74\xa5\xd8"
	"\xce\x60\xec\x34\x15\xbb\x09\x95\x2f\xb4\x44\x60\x24\x38\x79\xbb"
	"\x33\xe4\x4b\x9a\x30\x1b\x42\xc7\x85\xde\x76\x90\x7b\xc1\x29\x27"
	"\x7a\xdf\x93\x2e\x36\xd0\xf8\xa9\x30\x99\xe5\x7e\xa2\xff\x52\xdd"
	"\x95\x05\x89\x31\x7f\xe5\x83\x85\xb7\x0a\xb3\x70\x96\x8a\x30\x07"
	"\xfe\x05\x2a\x5f\x98\x09\x35\x4d\xfc\x47\x98\xab\xbf\x94\xa3\xbf"
	"\xe4\x4a\xb6\xc3\x66\xf4\xd7\x94\x55\x49\x52\xcf\xfe\x6e\xfe\x1f"
	"\xcd\x30\x77\x48\xa7\xef\x13\xa2\xca\x54\xa0\x9e\x63\x9a\x69\x8b"
	"\x23\xb5\x9a\x75\x47\x5c\x65\xd4\x48\x8b\xcd\xe2\x8f\x3f\x86\xc2"
	"\x76\x5c\x4f\x9b\xf8\x2b\xed\xff\x06\x2a\xad\xa3\xda\x20\x47\x0f"
	"\xa3\x7a\x7f\x60\x89\xbe\x70\xf3\xb6\x75\x88\xa5\xbb\x82\xa0\xa0"
	"\x7d\xc8\x74\x68\xb3\xda\x97\xb0\x7c\x74\x44\xc4\x80\x21\x16\x71"
	"\x77\xe1\x1d\xcd\xdd\xce\x23\x35\x05\x5d\x29\x0f\xe8\x55\xc8\xb3"
	"\xcb\x0e\x22\x96\x41\x16\x2d\x16\x49\x8e\xfd\x19\x4c\x25\xbf\x6d"
	"\x90\x34\x96\x3d\xe9\xee\x92\xb0\xd9\x1d\x0a\xd9\x10\x17\x40\x40"
	"\xc5\xf8\x96\x2e\x85\xf9\xb5\xd0\x44\x45\x78\x49\x77\x65\xfc\xde"
	"\x29\xc0\x28\x12\xe7\xe4\x19\xca\x1c\x1b\x15\x7e\x3b\xee\xf3\xf0"
	"\x3b\x4f\x6c\xc3\xb6\x4c\x75\x4e\x98\xfa\x88\x6a\xa7\xc8\x07\xdd"
	"\xc7\xc3\x1b\x7f\x52\x51\x13\x7d\x6e\xa7\x97\x43\x0d\x76\x78\xe2"
	"\xda\x15\xd1\x49\x49\x7d\x81\xb5\xc5\x21\xcb\xf0\x47\x30\xe4\x15"
	"\x2f\x9c\x95\xc2\xf5\x2b\x2b\x32\xb7\x56\xcf\x9c\x30\xbe\x5d\xcf"
	"\x83\x2c\x07\x78\xf9\x40\xee\xd4\xcc\x09\xc8\xb3\x4b\x75\x34\x8f"
	"\x8e\x1d\x07\xcb\x76\xd4\xac\xc1\x3a\xc9\x06\x71\x72\xe3\x0e\xd6"
	"\x71\x38\xc2\xb7\x98\xa0\xab\xd3\x26\xd0\x7b\xd8\xe3\xc6\x9d\x47"
	"\x50\x45\xd3\xef\xeb\xe1\x81\x4d\xd3\xc7\xa3\x8b\xf5\x72\xb3\xb2"
	"\x8c\xfd\x04\xb1\x04\xab\xbb\x86\x27\xc7\x84\x72\xb6\xd2\xab\xa6"
	"\x15\x0d\xe1\x6c\xa4\xe3\x20\x27\xe7\x77\x6a\x40\x6a\x75\x1a\xdf"
	"\xca\x83\xf4\x13\x16\xf8\xf1\x78\x14\x91\xee\xb5\x19\x81\xd0\x12"
	"\x07\xaf\x9a\xd6\xb0\x7a\x27\x3c\xfa\xfa\xf3\xeb\x47\xdf\x31\x05"
	"\x4b\x6e\xa2\x9b\x53\x9b\x54\xa5\x7f\x43\x4e\x0e\x79\x7e\xc6\x2f"
	"\xd5\x7f\xd4\xbb\x67\x45\x43\x18\x0f\x18\x4e\x2b\x4b\xbe\x22\x7c"
	"\xfa\xd2\x5c\x1f\xea\xf9\xed\x5f\xae\xb6\xcb\x48\xad\xe6\x7e\x7d"
	"\x17\xe4\x77\x56\x2a\x9d\xe0\x09\xc4\xc1\xf0\xca\xfe\xea\x0e\x54"
	"\xb5\x32\x23\x92\x9d\x54\x89\xda\x6e\xe6\x11\xa3\xc2\x3c\x54\x16"
	"\x6d\xe7\xf3\x65\x80\x18\xcd\xbd\xd8\xa4\x85\x82\x3d\xa7\x6d\x80"
	"\xe5\xe6\xc6\x51\xb7\x7b\x52\xbc\x5f\x50\x3e\x2e\x3d\x8b\xee\xdd"
	"\x76\xee\x97\x14\xfb\x9c\xaf\x97\x37\x7e\x5f\x8b\x44\x2d\xd6\x9b"
	"\x88\xc8\x05\x1b\x77\xee\x6a\x6d\xaa\xd8\x76\xb5\x99\x13\xfe\x84"
	"\x4d\x23\x11\x64\x9c\x57\x4b\xfa\xc0\x48\x39\x9f\x29\xfe\x6a\x5d"
	"\x6c\x4d\x07\xaf\x7a\x88\x4a\x8d\xc7\x89\x98\x27\x1d\x2d\x2d\x62"
	"\x71\x88\x7b\x02\x97\x8d\x47\x43\x29\x6d\x02\x54\x45\x85\x36\xec"
	"\x08\x0c\xdf\x94\xc3\xa7\x1e\xad\xec\x1e\x5c\x8b\xfd\x5e\x95\x1d"
	"\x3d\x13\x3b\xc6\xcf\x21\x8e\x9c\x9d\xd6\x9b\xdb\x1b\x5f\x60\xab"
	"\x61\xd8\x2e\xf9\xc9\x89\x2a\xb9\x94\x9f\x4e\xab\x75\xa8\x69\x99"
	"\x34\xed\x66\xbb\xaf\x84\x22\x7c\x7e\xe2\xdb\xc5\x7c\xf4\x09\x75"
	"\x70\x63\x7f\x3c\xbe\xce\x24\xde\x8d\xfd\xf8\xac\x93\xe2\xbe\xfe"
	"\xf6\xf8\x1d\xac\xcc\x37\x3c\xce\xc2\x11\x9a\xbd\x80\xd5\x39\xfb"
	"\x04\x32\xe1\xf9\x1b\xfe\xd3\x96\x08\x78\x84\xd8\x04\xd7\x67\x26"
	"\xd5\xb2\x1d\xe8\x4e\x7e\x26\x19\x11\x9e\xbb\x1a\x21\x1e\x8f\x31"
	"\xaa\x31\xca\x82\xfc\xf2\xf6\xf4\x32\xcb\xc1\xae\xfa\xfb\xec\xfb"
	"\xd3\xcb\xe3\x1b\xf4\xfc\x3a\xb3\x03\x16\x3c\x7d\x4d\x7a\x3c\x35"
	"\x63\x59\x73\x99\x7a\x8a\x8f\xb0\xb1\x8d\x4b\xaf\x0d\xed\xbf\xbe"
	"\xbe\x91\x44\x8e\x59\xc0\x3c\x8f\x21\xf9\xbf\x7e\xbb\xa4\xa9\x51"
	"\x6f\xf0\x06\x76\x34\xf1\x3f\x78\xa9\xf2\x9f\x86\x77\x47\xd8\xbf"
	"\x4b\x73\xd7\xfd\x40\xb0\x5d\x26\x62\xc4\xc8\xa9\x64\x91\x1f\x4e"
	"\x9e\xdb\x95\xeb\xca\xe1\xfb\x92\xc0\x5c\x50\xbc\xad\x1b\x75\xa2"
	"\xcd\xb3\x0b\xc7\xc0\x87\xca\x01\x1f\x4a\xdc\xc0\x99\x64\xbc\xf4"
	"\x10\x8a\xa4\x3f\xc8\x18\x7d\x8d\x1a\xa7\x24\x2f\x1d\xd3\xab\x66"
	"\x32\xd1\x80\xb6\x3e\x8d\x15\x2b\x58\x72\x06\xab\x3b\x58\x38\xa6"
	"\xc1\xfb\x31\x80\x8f\x26\xe8\x8c\xc0\x57\xa7\x25\xdd\xb5\xae\x4f"
	"\xb3\xb7\x3f\xbf\x3d\xcd\xfe\x01\x1f\xc0\xef\xff\x9c\xbd\x3d\x7e"
	"\x7b\xfa\xe7\x8c\x27\xef\xe0\xb3\xfb\xc9\x72\x61\xea\x15\x16\x17"
	"\x66\x76\x5f\x9b\x52\x02\x47\xb7\x23\x97\x4a\x35\x61\x35\xa8\x0e"
	"\xd6\x27\x10\x5b\x2e\x64\xc2\x3f\x5a\xbf\x37\x82\xc2\x36\xb0\x2f"
	"\x2b\x9a\x25\x2b\x77\x3b\x7f\x50\x8f\x26\x2b\xf4\x89\x63\x5d\x5a"
	"\xa0\xeb\xe0\x35\xbd\xf8\x70\x34\x08\x53\x03\x2c\xab\xd1\x2c\xba"
	"\x2c\x29\x9f\xe2\x90\xfa\xef\x09\x26\x85\x79\xa3\xa6\x59\x32\x19"
	"\x53\x39\xda\x0c\x4f\x5d\x05\x97\x1d\x0c\xd1\x83\xce\x81\xec\xac"
	"\x78\x4d\x69\xa8\xd8\x06\x4d\xd5\x97\x1d\x23\x08\xc9\xc1\x0c\x9d"
	"\x76\xf1\xd2\xf0\x87\x99\x56\x53\x4c\x71\x71\x8a\x02\x3c\xb1\x88"
	"\x02\xc4\x6e\x29\x2e\x1f\xda\x13\xfc\xa7\x3f\x45\xfa\x49\xfb\x8a"
	"\x88\x83\xd0\x54\x68\x63\x4b\x65\x75\xed\x19\x82\xf3\xc1\x86\xf9"
	"\x23\x06\x64\xc6\xc3\xdd\x63\x92\xdf\x06\x3b\x80\x0c\xdb\x09\x86"
	"\xed\x2a\xc4\x90\x1f\x83\x6f\x90\x1f\x0f\x79\x60\xa6\x74\x40\x9c"
	"\x3a\x87\x86\x00\x6f\x0c\x6b\x9a\x8e\x49\x07\x23\xe2\x5c\x05\x34"
	"\x15\x2d\x49\x0b\xf1\x40\xb9\xd0\x5f\x78\x02\x6a\xcd\x85\x27\xfc"
	"\xa6\x55\xb3\x9c\x62\x88\xc2\x5f\x5f\x8e\x19\x8a\xef\x03\xc3\x75"
	"\x48\xd5\x9e\x07\x97\x23\xd8\x66\x55\xe0\x09\x85\xe4\x34\x35\xc9"
	"\x4f\xcb\xc5\x76\x11\x68\x5f\x56\x21\x41\x55\xe0\xfd\x57\x90\xce"
	"\xa8\x34\x3c\xa6\x77\x8d\x08\x2c\x34\x75\xce\x6f\x96\x7c\x03\x9f"
	"\x64\x14\xea\x60\x60\xa9\xdc\x83\x80\x97\xbc\x5d\x44\x9b\x79\x88"
	"\x89\x4d\x89\x97\x84\x2f\xb7\x37\x7f\x04\x96\x2c\x76\x74\x7b\xbb"
	"\xa2\x39\x0a\x55\x2d\x03\x6f\xf1\x90\xdc\x2e\xb6\x81\xa1\xa0\xb1"
	"\x41\xcc\x16\x9f\x4f\x88\x85\x2a\xdf\xcc\x09\x2b\x52\xd3\x8d\x8d"
	"\x1f\x78\x7e\x60\x9f\x2d\x55\x62\x56\xc2\x30\x17\xf4\xf5\x80\xc1"
	"\xc9\x36\x80\x57\x0a\x71\x89\xd8\x8b\x75\xed\x80\x47\x22\xad\xba"
	"\xe2\xcf\x70\x2b\x65\xd4\x7f\x9f\xdf\x7e\x83\x76\xbf\xbc\x53\x69"
	"\x3a\xfb\xf2\xf8\x06\xfa\xe1\xd5\x93\xdf\xd9\x85\xb1\x11\xb6\xf7"
	"\xa6\x63\xb9\xd0\xae\x91\x19\xd7\x7e\x61\x71\x92\x6f\x16\x6b\xc7"
	"\x7d\x15\x4b\xb9\x38\x12\xb9\x40\x91\xaa\x51\xd7\xfd\x83\x83\x8f"
	"\x83\x81\xe1\x8b\x75\x74\xa2\x39\xb4\xc4\x1f\x75\xd9\xe5\x51\x32"
	"\x8b\x56\xfe\xa1\x6d\x61\x44\x2e\xda\x09\x0c\xce\xc7\xe1\xa8\x7d"
	"\xfc\xf1\xfa\xf6\xf5\xf3\x0c\x14\x46\xff\x88\x55\x09\x28\x24\x9a"
	"\x4a\x3d\xfd\x5e\x51\x91\x46\xa6\x73\x27\xaa\x6b\x71\x9e\x5c\xdd"
	"\x65\x90\xd7\xdf\x43\xcd\xe6\x1c\xc6\xe0\x42\x90\x32\x30\x68\xc9"
	"\x03\xa7\x89\xf9\x91\xa6\x15\x01\x1a\xda\x9b\x52\x89\xe0\x34\x84"
	"\x88\x2a\x40\x3c\x3e\xd0\xc4\x43\x16\x98\xfa\xa3\x64\x21\x62\x23"
	"\x94\xf2\xe4\xd4\xfa\xeb\x63\x5d\xe9\x35\x48\xf4\xc0\x10\xf3\x24"
	"\x40\xac\x1b\x62\xfb\x31\xe4\x06\xa6\x31\x48\xaf\x36\xeb\xdb\x13"
	"\xcd\xc0\xf3\x64\xbd\x0a\xd1\xcf\x34\xe4\xa4\x66\x00\x93\xa8\xa6"
	"\xa9\xb0\x7d\x2e\xd7\xeb\x30\x3d\xd4\x3d\xa4\x9f\xa2\x62\x82\x61"
	"\x49\xd3\x65\xb3\x89\x16\x53\xf4\x40\x07\xde\x83\x99\x5d\x97\x81"
	"\x0e\x80\x86\x71\xa4\x12\x51\x6b\x86\x42\x34\x3c\xcc\x20\x8b\xf7"
	"\x8c\xd8\xbc\x0c\x83\xda\xdc\xae\x16\x37\x34\x43\x99\x25\xe4\xe7"
	"\x6c\x18\x40\x8b\xa1\x44\x90\x66\x00\x21\x15\xcd\xa3\xd0\x4c\xa0"
	"\x18\x83\xe7\xd0\x0c\x18\x12\x49\xe9\x9d\x86\x81\xf0\x1a\xd2\x44"
	"\xca\xd2\x34\x44\xbc\x8d\xa9\x11\x2f\x22\xd0\x3c\x08\x8f\x35\xa1"
	"\x86\x54\x21\xf9\xa1\x89\x4d\xa9\xf6\x32\x0e\x0c\x50\x53\x4b\x8c"
	"\x71\xa4\x19\x28\x39\xa2\x89\x0f\xb2\x88\x4b\xcf\x95\x67\x25\xcb"
	"\x77\x5f\xbf\xbc\xfc\x39\x94\x25\x23\x01\xa2\x3f\xd3\x39\x79\xac"
	"\x62\x56\x62\x78\x0d\x98\x55\x34\x0f\x2f\x92\xc0\xfc\x87\xee\x75"
	"\xcd\xfc\x7e\x18\x46\x24\x3a\xce\xca\xbf\x3e\xbe\xbc\xfc\xf2\xf8"
	"\xf1\xf7\xd9\xcf\xb3\x97\xa7\x7f\x3f\x7e\xf4\x5e\xeb\x62\x3b\xc1"
	"\xbc\x91\xc8\x10\x32\x2c\xfc\x0b\xd4\x5c\x56\xd0\x17\x01\xe9\x41"
	"\xf9\x80\xf5\x31\x60\x7d\xb6\x58\x6e\x57\xb3\x7f\xa4\xcf\xdf\x9f"
	"\x1e\xe0\xcf\x4f\xbe\xec\x9a\xa9\xac\x05\x46\xb8\x50\x19\x21\x34"
	"\xb1\x2d\x4a\x75\xf6\x87\x30\x77\x01\x81\x36\xae\x9e\x74\x71\xc0"
	"\xba\x20\x99\xab\x4d\x0d\xab\x89\x8a\x00\xd0\x57\x29\xfe\x83\xbb"
	"\x7b\x9d\x45\x40\xd0\x91\xe6\x29\x09\x04\xd3\x36\x82\xf2\xa1\x61"
	"\x1c\x31\x0a\x28\x90\x19\x8a\x74\x3c\x51\x14\x5c\x00\x84\x73\xf4"
	"\x8e\x72\x63\x61\x5c\x09\xb2\xef\x78\x52\x55\x12\xbe\x58\xcd\xa1"
	"\xa0\xca\xdb\xa3\x1e\xfa\xba\x54\xaa\x25\x6a\x1f\x27\x2e\xf5\x28"
	"\x68\x86\x22\xcb\x29\xe0\xdc\x7a\x88\xe7\xd0\x85\xd7\xca\xd4\x3a"
	"\x57\x1f\xa4\x82\x4d\x9e\x5f\xdf\xbe\x3f\xff\xf2\x03\x8f\xb0\x95"
	"\x49\xb6\xc9\xac\x64\x10\x63\xa7\x48\xe8\x36\x06\x1e\x0d\x60\xfd"
	"\x8e\xa2\x48\xca\xba\x5d\xf2\xd2\xb9\xf6\x3e\x96\x35\x65\x47\x36"
	"\xe7\x6a\x5f\x7a\x81\x5f\xad\xf6\x58\xc2\xaa\x46\x38\x5e\x43\x5d"
	"\x11\x9e\xcc\xd7\xe9\xe0\xcb\xf1\x34\xb0\x13\xee\xf2\x17\xcd\x62"
	"\xb9\x38\x4d\x54\xca\x18\x47\xa7\x2a\xd7\x8f\x48\x65\x92\x97\x4a"
	"\x4d\x55\x6d\x84\x8b\x87\xcb\xb8\xa0\x0c\xfd\xee\x8e\xa1\x51\x53"
	"\x2f\x91\xb3\x0f\x6e\xa3\xa2\x60\x97\x89\x98\xaa\xeb\x06\xde\xe5"
	"\xc9\x66\xb1\x58\x90\x37\xca\x15\x2e\x21\x57\xa3\xf0\xb4\x09\xc2"
	"\xa0\x00\xa3\x72\x18\xd7\xd2\x93\x6b\x3e\x51\x1f\x7b\x5e\x3a\x7e"
	"\x2f\xac\xc9\x28\xc0\x91\x6c\x41\x12\x04\x49\xa1\x06\x7c\x6a\xe6"
	"\x0f\x60\xf7\xba\xd9\xcf\x75\x49\x5b\xc4\x9b\x0d\x71\x5c\x62\x55"
	"\x8f\xeb\x92\x25\xbc\xcc\xc3\x0f\x01\x2e\x74\xf1\x71\x84\x72\xc1"
	"\xc2\x75\x3a\x9f\xa0\x41\x00\x5b\x3c\x55\xe9\x28\x0f\xb9\xf7\x43"
	"\xe5\x7b\x91\x29\xed\xbb\x62\x9d\xdc\xeb\xa2\xb6\x59\x10\x07\xfb"
	"\x1d\x79\x19\x26\xaf\x26\xc8\xc7\x74\x6a\x14\xb9\xac\xeb\xc3\xc4"
	"\x77\xc6\xa5\xe2\xa5\xfb\x45\xc8\x89\x55\xc7\x31\xb7\x49\xe1\x4c"
	"\xae\x71\x9f\x0d\x7d\x49\x49\xbe\x9d\xbb\xd9\x5f\x4d\x49\x87\xe1"
	"\xdf\x07\x3b\xec\x0d\x0c\x89\x7f\x53\x9d\xfc\x46\x13\x57\xc2\x19"
	"\xa4\xc5\x4c\x56\x13\xb5\x86\x11\x62\x49\x16\xdd\x51\x78\xdf\xc9"
	"\x30\x45\xe2\xb8\x3d\xcc\xd5\x25\x1c\x00\xd5\x58\x44\x93\x7d\x17"
	"\x1f\xd0\xd1\xd0\x99\x09\x5d\xd2\x16\x95\x82\x25\x5a\x80\x00\xd6"
	"\x99\x54\x05\xb9\x9f\x5d\xdb\x02\x7b\x10\xa4\xfb\x79\x8a\x6d\x2f"
	"\x41\x61\x07\x59\x3c\xb1\x77\xec\x9d\x5e\xed\xab\x85\x37\x8d\xae"
	"\x5d\xe1\xc0\x1e\x84\x24\x84\xda\x28\x2e\xfd\x9a\xaf\x28\x17\x53"
	"\x3d\xf6\x58\x7a\x1e\x26\xe0\x60\x45\xe9\xcc\x40\x9e\x9d\x56\x2d"
	"\x75\x5a\x9e\x9d\x6e\x68\xbd\x14\xa8\xea\x21\x48\x4e\x1f\x26\xfa"
	"\x03\xe6\xab\x7b\xb9\x74\xa7\x36\x9b\x95\x6f\x6f\x40\xc2\x8d\x15"
	"\x57\x60\x7e\xc3\x43\x06\xd5\x3f\x40\xfd\xd1\x0d\xaf\xff\xc9\x65"
	"\xb7\xac\xae\x0e\x35\xd1\xe6\xfd\x7a\xee\x7e\xf2\xa6\xcc\x78\x40"
	"\x1b\x6f\x68\xca\x1b\xe7\x14\xad\x80\x93\xf2\x28\x29\x6e\x57\xcb"
	"\xd3\x5f\xe8\x13\x26\x95\xf7\x8a\xd3\xfc\x5c\xbb\x61\x22\xf0\x7b"
	"\x31\x27\x42\xc1\x52\xc1\x32\x22\x79\xbd\xd5\x64\xc1\x9a\x61\x0e"
	"\x7b\x0f\x93\x00\x0d\x62\x08\xc0\x1f\x11\xc7\xc5\xc7\xd3\x4e\x4c"
	"\x36\x57\x97\x45\x99\x3b\xfb\x4c\x91\x4e\x08\xa2\xc2\x3f\x26\xc5"
	"\x51\x26\xae\x8e\xa0\x65\x66\x32\x50\x3d\xc6\x15\xcb\x3b\xe9\x6a"
	"\x6c\xfb\x72\x42\xb4\x77\xb8\xd0\xa2\xd8\xc9\xc2\x0d\xd1\xdb\x83"
	"\xee\x04\x2b\xc9\x3b\x1e\x67\x81\x21\x9d\xa9\x9c\x90\x23\xe6\xa6"
	"\xc2\x49\xe7\x99\xb1\x25\x75\x93\x77\x9f\x71\x4a\xdd\xbb\xcf\x76"
	"\xa4\xa4\x38\x89\xa2\x25\xeb\x11\xb8\x66\x76\x1f\xc1\x3a\x43\x2c"
	"\x97\xf0\x9b\xd4\x89\xf3\x1a\xf5\x7a\xbe\x9a\x10\x89\xb5\x40\x1d"
	"\xd5\xd9\x65\x36\x60\xd5\x12\xd7\xcb\x48\x6a\x4a\xff\xe2\xab\x37"
	"\x8b\xf5\x76\xea\x61\x05\x5e\x20\x7a\x17\x53\x8d\xa8\x6a\x35\x21"
	"\x9b\x15\xcb\x61\x8b\xdb\x4d\x0d\x92\x12\xde\xb4\xad\x36\x07\xa6"
	"\xf4\x48\x33\xe6\x9a\x0c\x8a\x30\x6d\xa1\x1c\xb6\xac\x6c\x72\x23"
	"\x82\xdd\x8a\xb9\x5f\x28\xdf\x46\xf3\xe5\x62\xaa\x96\xeb\x18\x2e"
	"\xd5\x96\xba\xaf\x93\x6a\xb1\x9d\x98\x48\x95\xdb\xf9\x04\x54\xce"
	"\xb7\x0b\x67\xa3\x11\x95\xe4\xe4\x7d\x20\x72\x7b\x6d\x26\x6c\x15"
	"\x49\x4e\x47\xb1\x6c\x15\x4d\xf5\xa7\xe4\x18\x9e\xe7\x86\x97\xd9"
	"\xf4\x46\x0b\xdc\x89\x46\x0e\x85\xfb\xad\x57\xd5\x39\x17\x2c\xa3"
	"\x94\xa0\x9d\xc8\x09\x70\x01\xa5\xa8\x30\xaa\x42\x1e\x26\x3a\x71"
	"\x2e\xca\x4a\x9d\xdd\x84\xeb\x0f\xbc\x3d\x65\xbb\x01\x38\xee\xb8"
	"\x6e\x23\xf6\x87\xc6\x11\x76\xa6\x64\xa2\x96\x25\x6f\x1b\xd9\x26"
	"\xa0\xe5\x17\xe8\xcd\x08\x8f\xf3\x12\x5c\x27\x75\x8b\xc0\x2b\xc7"
	"\x57\x49\xe7\x2e\x06\xa5\x01\xb5\x59\x65\x23\x5b\xf4\x04\x66\x67"
	"\x6e\xec\x0a\x07\x05\x76\xba\xb5\xae\x60\xe8\x4f\xd5\x50\x87\x37"
	"\xd6\x2b\x52\x47\xa2\x16\xcb\x83\xfc\x40\xa9\x94\x69\x92\x48\x22"
	"\x39\x6f\xe5\x8f\xa7\x80\x11\xea\xb0\xb5\xac\x93\x34\x2c\x34\x51"
	"\xf0\xd6\x21\x21\x96\x71\x4c\x97\x25\x29\xe8\x63\xc3\x23\x9b\x98"
	"\x51\x38\x1b\x5d\xc3\x2d\x3a\xcb\x0d\xa3\x88\xfc\x5c\x18\x40\x5f"
	"\x8b\x40\x73\xa8\x13\x83\x62\x11\xec\x13\x7c\x98\x08\x75\x22\x73"
	"\x2f\x1c\xe7\x39\x93\x16\xd2\x8c\x7a\x80\x12\xfb\xcd\x33\x91\xe0"
	"\x49\xf6\x6e\x87\xa8\x02\xfb\xf3\xd8\x7b\x5b\xca\x19\x96\xd3\x21"
	"\x82\x2c\x4f\x86\x35\xaf\xb4\xee\x44\x81\x66\x38\x6d\x36\xb7\xdb"
	"\x75\x3c\x64\xb8\x98\xfc\x9b\xf9\xf2\xd4\x0e\xfa\x0c\x13\x85\x1e"
	"\x37\x64\xa3\x40\xdf\xdc\x86\xe8\x9d\x39\x4f\x32\x70\x09\x76\x39"
	"\xdd\xe9\xce\xe2\x24\xe9\xf8\x1d\x86\x9a\x4f\xaa\xcd\x72\x13\x45"
	"\x41\x7a\xc3\x37\x8b\x05\x31\x2a\xba\xfe\x6a\xd3\x0d\x8b\x5d\xb8"
	"\xbe\x75\x0b\x53\x79\x12\xc9\x70\xf8\x24\xd7\x09\xcf\xa9\xa7\x9b"
	"\xe0\xd2\xd3\x03\x3b\x93\x2c\x19\xfa\x04\x35\x8b\xf9\x62\xc1\x69"
	"\x1e\x44\x6d\x22\x68\x9d\xdd\x34\x49\x07\x55\x9b\x18\x02\x63\xc4"
	"\x0c\xdf\xec\x62\x60\xd0\x2d\x5f\x38\x9a\x45\x98\x09\x95\x74\x92"
	"\xc3\xa4\x94\x66\xf4\x1b\xdc\x07\xab\x77\xea\x57\x80\xae\x35\x26"
	"\x9a\x0e\x5a\x93\xef\x35\xad\xad\x7a\x38\x34\xaa\x11\x8b\x39\x71"
	"\x2f\x8c\xa7\x95\x20\x73\x25\xa7\x9f\xd8\x5d\x7b\x93\xf4\x13\x58"
	"\xee\x05\x48\x3d\x10\x17\x51\x8d\x7f\x93\x03\x0b\xb3\x06\x66\xe4"
	"\x76\x7b\x93\xfb\x8e\xc6\xaa\xca\x02\x16\x84\x1f\x98\xd6\x0d\x63"
	"\xaf\xdd\xc2\x44\x60\xe8\x97\x70\x0b\x87\x38\x85\x58\x96\x57\xd5"
	"\x80\x4b\xc3\xe9\x77\x27\x2c\xd7\xe2\x72\xc0\x65\x3c\x50\x9d\x22"
	"\x0d\xbf\x82\x90\x8a\x9f\x9d\xa3\x63\x9f\x0d\xa5\xb2\x3d\xef\xe1"
	"\x5a\xd1\xb9\xfb\xdd\xeb\xf3\xa7\x27\x0d\x85\xd9\x3b\x01\x63\x9d"
	"\xa7\xa7\x4f\x4f\x9f\x74\xf4\x3a\x52\x7a\x80\x5a\xf6\xe9\xf1\x1b"
	"\xa2\x79\x8f\x5c\x98\x31\x8c\xc2\x60\xd1\x22\x02\x8c\x93\xc1\x1a"
	"\x49\x9c\x35\x9c\x0c\xbf\xb8\x63\x0f\xd4\xc1\x30\x92\x2b\xb1\x63"
	"\xea\xa0\x48\x7a\xdd\x64\x9b\xc5\xcd\x7c\x82\x4e\x47\x7f\xa0\x21"
	"\xbe\x39\xf9\x14\x4d\xa4\xc2\x1f\x83\x18\x3d\x78\x51\xdc\x1a\x16"
	"\xb7\x27\x8a\xb0\x6d\x17\xb7\x1b\x36\xa6\xf2\x84\xeb\x73\xbf\xe1"
	"\x00\x75\xb4\x56\x78\x63\xd8\x6c\x8e\x82\xe7\xbe\xca\xe6\x18\xa9"
	"\xe7\x20\x5f\xb6\x6f\x25\x8f\x65\x98\x29\xc9\xb7\x6b\xc2\x41\xac"
	"\x67\x51\xf5\xf6\x76\x3e\x9f\x62\xd9\x78\x0f\xc0\x2e\x0c\x20\x0c"
	"\x6e\x6f\x4e\x9e\x71\xd4\x1a\xbd\xa1\x8c\x9a\xdd\x65\xeb\x68\xce"
	"\x02\xcd\x16\x28\xff\xdd\xb0\xfe\x9e\x84\xbb\x4b\x1c\xec\x74\xce"
	"\xd5\xed\x66\x19\x7e\xb1\xfa\xff\x18\xbb\x96\x2e\x39\x71\x25\xfd"
	"\x57\xbc\xbc\x77\xd1\x73\x79\x23\x16\xbd\x20\x81\xcc\xc4\xc9\xcb"
	"\x48\x14\x54\x6d\xf2\x54\xb7\x3d\xb7\x7d\xc6\x8f\x3e\x76\xf5\x4c"
	"\xdf\x7f\x3f\x0a\x01\x09\x02\x85\xc4\xa2\xdb\x95\x8a\x0f\xa1\x17"
	"\x52\x48\x8a\x88\x0f\x78\x33\x04\xdf\xab\xa1\xbb\x68\x77\xa2\xe2"
	"\x90\x00\x82\xc6\x2b\xc7\xc3\x04\x91\x65\xe0\x0a\x5e\xfa\x81\xbb"
	"\x72\xe5\x16\xc9\x95\x13\x3a\x96\x9c\x76\xca\x8a\x5b\x5e\x6d\x70"
	"\x6d\xc9\x67\x91\x6e\x90\x53\xb3\x86\xd6\x95\x43\x08\x91\x93\x6f"
	"\x89\xc3\x77\x72\x72\x1a\x94\xed\x25\xee\xda\x8e\x2a\x47\xea\x40"
	"\x1c\xd7\xb6\xee\xba\xcf\x56\xb0\x41\xc5\x45\x99\xeb\xfa\xe9\x03"
	"\x5f\x86\xfa\x3e\xae\x54\x2f\xe1\x2b\xbd\x6f\x0f\x36\xf2\x34\x34"
	"\xdc\x3e\x9a\x3b\x48\xf2\xe6\xaa\x2b\x17\xcd\xb3\xb6\x8d\xd1\x8b"
	"\x4e\x80\x3c\x15\x81\x61\x5c\x27\x57\xbe\x97\x56\x8d\xeb\x7e\xb3"
	"\xe9\x7e\xc4\x91\xec\x53\x8a\xc0\x97\x5b\xc7\x72\x73\xe8\xc1\x53"
	"\x88\x63\xdb\xa6\xe7\xd8\x55\xbe\xd3\xba\x6a\xac\x43\xb9\xd4\xbf"
	"\xe1\x12\xd4\x60\x83\x4b\xa3\x1b\x2e\xb9\x5f\x91\xf9\x3d\x89\xdb"
	"\x22\xb2\x11\xbf\x3e\xfe\x68\x70\x2b\x90\x5b\x65\xdf\x77\xd4\x77"
	"\x3e\x7d\xce\xbf\x7e\x1b\xcd\xd1\xb6\xd4\xe5\xec\x93\xca\x0d\x94"
	"\xd3\xbc\xdc\x98\xa5\x7c\xfa\x2c\x12\x90\x77\x85\x41\xe2\x5b\x98"
	"\x67\xd0\x3a\xd7\x59\xa5\x97\xb6\x09\x9e\xba\x7a\x3c\x5d\x63\x2f"
	"\x22\xa2\x67\x61\xfb\x2d\x10\x9e\xd5\xdb\xff\x75\x69\xe6\x5b\x2c"
	"\x85\x68\x8c\x4d\x2c\x91\x00\xf5\x0e\x76\x42\x03\x32\x07\x93\xf5"
	"\x85\x17\x05\x3e\x26\x73\x23\x0f\x95\xf5\xf9\x39\x37\xd4\x40\xc4"
	"\x06\xa3\x72\x2c\x1f\x98\x8b\x91\x20\x02\x7c\xbd\x2d\x11\x5f\xd8"
	"\xc6\xf7\x20\x7a\x0e\x66\xdc\xd0\xb4\x39\x2d\x7d\xcf\x50\x9c\x69"
	"\x43\xb0\xa2\x10\xcd\x4f\x59\xcb\x62\xba\xcc\xe9\x73\xca\x5d\x0a"
	"\xcc\xfb\x48\xdd\x06\xdd\x5d\x04\xca\x93\x83\x87\x58\x7c\xe8\xd2"
	"\x86\x79\x96\xa0\x31\x3e\x1f\x08\x76\xcd\x2b\x08\x5b\xa8\xda\xbf"
	"\x40\x1f\x64\xab\x45\x79\x4a\xd8\x95\x73\x4e\x07\x5f\x7e\x3c\x9f"
	"\xfb\x26\x76\x75\xd9\x17\xe4\x66\x6a\xd3\x2c\xcd\xe3\xcd\x7c\x58"
	"\xf2\x2f\xce\xb2\x3b\x24\xc6\x43\x18\xfc\x6d\x69\x64\x4e\xa6\x91"
	"\x75\x86\xd2\xb4\xf1\xf6\xda\xb3\x65\xce\x80\xae\x00\x9a\x83\x6c"
	"\xa1\x8d\x22\x66\x7f\xa3\x2c\x54\x85\x32\x66\x05\x4c\xa5\xa9\xb4"
	"\x1a\x0b\x78\xe4\x20\xd4\x8f\x93\x94\x6a\xa5\x29\x2e\x0d\x1d\x37"
	"\xd6\x4a\x4f\x9a\x9c\x09\xc9\xb4\xef\xd5\x48\xf9\x8a\x17\x6b\x9f"
	"\x4d\x3a\x54\x3a\x0c\x83\xb1\x27\xa9\x74\xf2\xc9\x7f\xde\x23\xdb"
	"\xb4\x2a\xc8\x8c\x93\x49\x6f\x3b\xc6\xae\x97\x0f\x58\xfb\xc2\x76"
	"\x7c\xf5\x42\x6e\x3b\x6b\xed\x97\xff\x26\xf2\x6f\x61\x49\xb7\xf9"
	"\x2d\xc2\x5d\xee\xd2\xa4\x68\xed\xbd\xd8\x46\x3e\xac\x20\x45\x1c"
	"\x2c\xf5\x9c\xff\xf2\x9c\xc6\xd2\x71\x23\x28\x39\x2f\x29\xaf\xa3"
	"\x5a\xfd\x07\x91\x6d\xb7\xbd\xa1\x01\xc4\xd9\x5a\x56\xc9\xa6\x0f"
	"\x1f\x58\x75\x16\x2c\xea\x10\x22\x65\x37\x6b\xec\x63\x02\x5f\x7b"
	"\x6a\xd8\xa7\x8c\x8a\x78\xbf\x39\xdd\x1d\x9d\xdf\xbf\x09\x66\xe6"
	"\xfe\x33\xc4\xb4\xfc\xc7\x9e\xf3\xf5\x9f\xef\xde\xbe\x73\xf4\xa7"
	"\x77\x6f\x7f\xcc\x28\xc5\x01\x62\x8f\x99\x03\x96\x03\x18\x2d\x61"
	"\x07\xc6\x10\xfe\x10\x29\xba\xb0\x5b\x54\xc4\xd5\x5d\x39\x4c\xa6"
	"\x15\x16\xc8\x42\xe1\x15\xfe\xe7\x5f\x6f\xa8\x6b\x71\x5e\x35\x9d"
	"\x44\x5b\xc8\x7f\x8a\xe8\xce\xcb\x48\x19\xd3\xce\x67\x08\x1e\x23"
	"\x82\xa0\x7f\x5d\x9f\xb6\x81\x0c\x8c\x4c\x30\x9a\x9e\x11\x41\x9b"
	"\xb8\xa5\xd9\xad\x8c\xd5\x24\x9e\x00\x29\x63\xe0\x88\x07\xc8\x7c"
	"\xf8\x00\x51\x25\xbf\xbc\x7e\xfb\x28\x53\x70\xc8\x0f\xd5\x1d\xcd"
	"\x46\x6a\x97\xcd\x1b\x67\x09\x44\x55\x56\x32\xac\x6e\x60\x34\x69"
	"\xb3\xac\xba\x0f\xbf\xda\x96\xe3\xe9\x31\xcf\xbf\x86\x01\x91\x21"
	"\xef\xeb\x67\x89\x60\x66\x4c\xcd\x9e\x94\x45\xcb\x9e\x36\xda\xf7"
	"\xaa\x9f\x76\x41\xd9\xa4\x27\x6f\xd9\xf3\xa9\x06\x66\xdc\xb5\xfd"
	"\xc2\x94\xc6\x77\x03\x6a\xad\x6f\x05\x68\x7c\x9f\x90\x23\x20\xd5"
	"\x9d\xe8\x02\x61\xb7\x93\x44\xce\xfb\x90\x7c\xe0\xbb\x6a\x44\x97"
	"\x5f\x61\x1c\x3b\x30\x60\xd2\x89\x8f\xaa\x0d\x88\xaf\x47\x16\xb7"
	"\xdb\x29\xd5\x15\x16\x6e\x32\x94\xcd\x05\x02\x31\x72\x91\x7b\xec"
	"\x07\x90\x25\x71\xe0\xd9\x81\x11\x44\x3c\x9b\xe8\x4a\x32\x0e\x70"
	"\x65\xbb\x15\x25\x71\x91\xdd\x8c\x84\x71\x0d\x18\x3e\x45\x85\xae"
	"\x1f\x19\x40\x09\x35\x00\x9a\x96\xcf\xe0\x7a\x4c\x95\xf5\x0c\xd1"
	"\x89\x1f\x18\x20\x25\x83\x95\xc7\xf0\x3a\xdd\x3d\xf9\x02\x62\x75"
	"\x1f\xf7\x88\x15\xd6\x82\xea\x2a\xc3\x70\x80\x58\x76\x9e\xb2\x0f"
	"\x58\xe9\xdc\x59\xdd\x25\x57\x9e\xa2\xcb\x81\xf1\x9d\x8b\xe5\x5a"
	"\xca\x3c\x06\x76\x3b\x19\x46\x53\x12\x37\xb6\x8d\x58\x69\x3c\x40"
	"\x27\xe4\x84\x6e\x35\x1f\x69\xe4\x7c\x32\x02\x4e\xdd\x9b\x06\x22"
	"\x28\x0a\x19\x3a\x2b\x8a\x76\x18\x67\xbb\xd5\xc5\xe9\x92\x08\x9e"
	"\x6f\x0d\x30\x48\xac\x6d\xfc\xd7\xf2\x38\xa5\x21\xf1\x24\xd7\x48"
	"\x59\x1c\x92\x30\x54\x9f\xe6\x6f\x61\xd1\x01\x58\x62\xc6\xb4\x7c"
	"\x5e\xb7\xb7\x71\x55\x54\x40\xd8\xcf\xdf\xcb\x81\xa1\x65\x9f\x01"
	"\x77\xe6\x1e\xa8\x42\xc7\x27\x99\x7c\x48\xf2\xd6\x08\x3d\x75\x7c"
	"\x27\x8d\xb8\x76\xed\x70\x8e\xb9\x59\xe0\x8a\x05\xe2\x9f\xe4\x49"
	"\x45\x5c\x9b\x98\xf1\xcf\x24\x61\xe5\xc5\x46\x8e\x4e\x64\x28\x63"
	"\xb4\xc1\xed\xf8\xf6\x58\xef\x18\x38\x7d\xae\xe2\xa6\xad\x8d\xb8"
	"\x6b\x5c\x36\xf4\x9a\x1f\xc8\x31\xcb\x10\x27\x20\x09\x74\x89\x0b"
	"\x84\x18\x62\x0f\x03\xef\xad\x1c\x31\xe7\x90\xd0\x43\xe2\x62\x8c"
	"\x66\x6b\xdc\xb9\x7b\x9f\x33\xda\x19\x71\x97\xba\x4e\x73\x73\x21"
	"\xaf\x79\x9a\x21\x41\xa0\xd6\x30\xae\xfe\xf3\x61\x64\xce\x8e\x06"
	"\xf4\x39\x0c\x6c\x73\xe9\xba\xea\xe5\x40\x6f\xdc\xd8\xd9\xb1\x1d"
	"\xf3\x77\x93\x61\xe6\x18\x32\xc8\x3c\x52\xfa\x18\xee\xb2\x7b\xd4"
	"\x9b\x7d\x8f\xc5\x62\x2f\xad\x91\x7c\xa1\xb5\xf9\x2e\xdd\x9c\x25"
	"\x5f\x6c\xfd\x23\x83\xa0\x2c\xa9\x6d\x7b\x66\x58\x56\x9c\xe1\xf0"
	"\x26\x6f\x0e\x60\xc5\x0f\xf3\x40\x28\x87\xa0\x2b\xee\x8c\x9a\x6b"
	"\x9d\x57\xd9\x90\x9b\x9b\xbc\xbc\x85\xb6\x63\x44\x71\xe5\x40\xf0"
	"\x70\x18\xe6\xe3\x2c\xe5\x7b\x0f\xe6\x0f\x16\xba\x98\x88\xbf\x5b"
	"\x88\x53\x69\x7c\xa7\xf8\xbb\x57\x9a\x56\x4a\x30\x08\xd0\xe0\xba"
	"\xfe\x00\xad\xb2\x28\xf5\x52\xe9\xc5\x9c\x8e\x15\xa9\x4f\x99\x30"
	"\xe1\x38\x32\x94\xc4\x65\x45\x5d\x36\x35\xcd\x59\x76\xac\x06\x39"
	"\x73\x0e\xac\x13\xbc\xec\x62\xaa\xaa\x4d\xb5\xa5\x89\x63\x59\xc3"
	"\x5d\x3e\x48\xd8\x23\x3c\x9d\xd0\xd7\x09\x43\xb4\xeb\x46\xf1\x3d"
	"\x3f\x30\xaa\xda\xf2\x8e\x44\x66\x92\xa6\xab\xbc\xc8\xe2\xf4\x00"
	"\x8c\x1e\xea\x1c\xca\x6c\xc7\x75\x0e\xc0\xca\xf3\x91\xc2\x75\xed"
	"\x39\x4e\x32\x3c\x06\x9c\x04\x1e\x48\xe0\x9b\xbf\x72\xd6\xd0\xc0"
	"\xb7\x42\xf3\x44\xfe\x92\xb1\xc0\x71\xcc\xc3\xe6\x45\xd8\x43\x9b"
	"\xbb\xa3\xbe\x96\x93\x2a\xe2\xe2\xbb\xeb\x5c\xa6\xd4\x18\x53\xb9"
	"\x5a\x67\x23\x2e\xfa\x13\x40\xa8\x58\x5c\x53\xc6\x67\xb0\x11\x78"
	"\x2a\x63\xec\x66\x7f\xda\x6a\xbb\x83\xc5\x4b\xc9\xb0\xbd\xca\x54"
	"\xcc\x92\x6f\xde\xb4\xf9\x5c\x1a\x27\xd6\x8a\xc1\x2a\x8e\x2f\xbb"
	"\xd8\x81\xcd\x82\x4a\xb3\xa4\x4e\x95\x2c\x3f\x23\x28\x69\x78\xbd"
	"\xef\x4d\xdf\x8e\xa5\xde\x9f\x1e\xc4\x7c\x76\x02\xb6\x1d\x96\x39"
	"\x9a\x77\x01\xf3\x5a\x03\xcc\xab\x02\xa9\x03\x0e\xec\x7d\xa4\x91"
	"\x37\x75\x9f\xb5\x7c\xeb\xaa\xcb\xe3\x39\x8b\xb7\xcc\x51\x1b\x44"
	"\x52\xda\x96\xee\x2d\x6d\x76\xe9\x0a\x08\x07\x03\xe6\xb2\x4c\xe9"
	"\x33\x35\xed\x4c\x60\xb8\x3b\x36\x91\x5a\x48\x46\x8c\xfb\x33\x5d"
	"\x13\xce\x90\xa7\xfc\xd4\xea\xba\x95\xe3\xc0\x18\x7d\x8f\x93\x50"
	"\xdd\x78\x86\xb6\x29\x46\x13\x17\x25\xd8\x40\xe1\xa5\x68\x92\x33"
	"\xf1\x91\x10\x40\x13\xa2\x2f\x15\xa3\x6a\x07\x11\xc5\xdb\xe7\x2f"
	"\x86\x5b\x5b\xb3\xb8\x7d\x06\x5f\x93\xed\xa8\xdb\x7d\x94\x43\xe1"
	"\x6a\xbf\xca\xbc\xe4\xd5\x41\x0e\xd7\xe7\x5e\x8e\x51\x8d\x77\x3a"
	"\x07\x14\x14\x4e\xd0\x1e\x7c\x47\xd6\xc6\xcf\x1a\x68\xda\x3e\x39"
	"\x01\x5f\x96\xc6\x01\x41\x4d\xc8\xc0\x3f\x8c\x0c\xb5\xc8\xb6\xcc"
	"\x3d\x75\x78\xd0\xeb\xeb\x8f\x8f\x82\xf5\x2b\xff\x57\xfd\x6e\x0e"
	"\xe7\xf7\x88\xde\xd9\xae\x4f\xd7\xc5\x4f\xf8\xbf\x08\x97\x2d\x45"
	"\xb3\x05\x41\x93\xe4\x0d\x75\x94\x71\x70\x41\x5c\xe4\x27\x2e\xde"
	"\x3f\xd6\xc6\x48\x50\x18\x21\x9d\xfc\x76\x37\x19\x6f\xdf\x4c\x1d"
	"\xb0\x21\xd3\x65\xd3\x26\x86\x3c\xe2\xe6\xa4\x07\x8c\x47\x6b\x14"
	"\x33\xa9\xca\x30\x92\xf5\x4b\x5c\x66\xca\x30\xb5\xc9\x1f\xaf\x3f"
	"\x5e\x7f\x07\xc3\xb2\x25\x12\xf3\xbc\x26\xad\x69\x82\x9f\x56\x47"
	"\xd9\x93\x8f\x3c\x90\x73\x55\xb4\x10\x16\x8f\x74\x8d\x9c\x01\xaa"
	"\xb4\x3b\x2d\xf8\x67\xb7\x48\xae\xbd\x12\xbd\x24\xdf\x4f\xb9\x88"
	"\x5f\xb0\x32\x92\xa9\xf2\x21\xe2\xd3\x14\x93\x6d\xf0\xc7\xab\x7b"
	"\x91\x8c\x36\x60\x5c\xdc\xab\x31\x14\x65\x8a\xc5\xf6\xab\xea\x97"
	"\x1a\x09\x9a\x07\xac\xd1\xea\xd3\x23\x41\x53\xc6\x55\x1f\x25\xc7"
	"\x5f\x91\x42\x24\x53\x60\x5d\x03\x4a\x3a\x89\x44\x6e\x13\x34\x9e"
	"\xa7\xdc\x36\xa1\xd4\x27\x66\x96\x1f\x9f\x5f\xbf\xec\x5d\xf3\xa7"
	"\x2a\x89\xa0\xf7\x49\xbd\x3a\x50\x9a\x04\xc4\xf1\x2d\x65\x22\x7f"
	"\x53\xd3\x66\x09\x5f\x7b\xd2\x99\x9b\x48\xb2\x09\x5d\x21\xcf\x70"
	"\xe3\x7f\x43\x3e\xa8\x19\xb4\xeb\x42\xe9\x5d\x52\x7c\xd4\x95\x80"
	"\x7f\xab\x6a\x41\x36\xc4\xad\x5a\x52\xb5\xf7\x4e\x30\x6b\xb9\x8e"
	"\x4a\xdc\xf2\x5d\x4f\x5e\x66\x13\x26\x50\xe7\xcd\xb2\x2a\xcd\x52"
	"\x75\xfe\x65\x5c\x81\x67\xef\x86\xbb\x6b\x8d\x88\x69\x93\xf1\x56"
	"\x7b\x42\x98\x77\xd7\x50\xc1\x6f\x27\x53\x0a\xc8\x7d\xc0\x80\x65"
	"\x17\x95\xb7\x14\x69\xb7\x33\x2d\xb0\xd2\xa5\xbd\x6e\xec\x8f\x0d"
	"\x50\x1a\x21\x2d\x73\x08\x19\x0c\xb5\xab\x25\x82\xc0\xad\x04\x66"
	"\x0f\xa0\x08\x1f\xba\x06\x2b\x6b\x59\x0f\x31\xfe\x0e\xe0\x50\x5b"
	"\x42\xc3\x8d\x11\xea\xbf\x7f\xfb\x05\x9e\xe4\x68\xf1\x3d\x08\x8b"
	"\x59\x45\x8c\x95\xcd\x67\x01\x26\x79\x77\x30\xbb\xde\xda\x0c\x6e"
	"\x1f\xb8\x01\xb1\x6e\x85\x45\xcc\x1c\x31\x65\x3c\xb8\xa8\xdf\xd4"
	"\x1a\x32\xe8\x20\x30\x78\x8a\xcd\xa6\x54\x46\xc8\x54\xc7\xab\xc4"
	"\xfd\xb7\x36\x4f\x94\x70\xe3\xa2\x68\xeb\xf7\xb4\xd4\xb4\xb2\xaa"
	"\x13\xeb\x91\xd8\x6a\x7e\xcd\x36\x43\x9a\x24\x15\x62\x30\xfe\x40"
	"\xd8\x41\x4e\xc3\x41\xdb\x06\xa7\xa4\x0c\x5c\x3d\x64\x5a\x77\xdf"
	"\xb3\xf8\xb2\xfd\xdc\x10\xa8\x09\x96\x9f\x87\x60\x08\xb4\xdd\x37"
	"\x59\xac\x37\xd4\x98\xd9\x26\xee\xc5\x56\xdc\x36\x8e\x4e\xcc\xbf"
	"\xe2\x7b\xd1\x98\xde\x91\x80\xd3\x9c\x20\x29\xcd\x2f\x79\xc2\x57"
	"\x90\x56\xdb\xf0\x40\x07\x9a\xe0\xdd\x0d\x57\xad\x12\xcf\xe7\x2a"
	"\x3d\x61\x6d\x01\x5f\xed\x96\x86\x84\x27\x81\x31\x56\xc5\xd4\xbb"
	"\x90\xeb\x53\x72\x4f\x93\x44\x17\xd9\x46\x17\x53\x27\x6f\xca\x9c"
	"\x2b\x8d\x55\x5a\xa8\x99\x6e\x7b\xae\x9a\x55\x69\x2d\x19\x5e\x3f"
	"\x12\xef\x30\xd9\x73\x95\x47\x4d\x3f\xb2\xc0\xea\xf1\xea\x5b\x99"
	"\xee\x02\xd5\x9c\x3a\x77\x4d\x24\xce\xb8\x69\x20\x22\x81\x7a\x2a"
	"\xe5\xca\xa4\x8e\x03\x96\x25\xfc\xbf\x46\x55\x62\xde\x0d\xdb\xd6"
	"\xe7\xa3\xb1\x78\xde\x90\xe7\x8c\x97\xda\x4e\xa2\xb0\x39\x58\xf3"
	"\xb3\xf2\x1f\x77\x71\xe9\x95\x57\xe7\x5a\x4e\x1e\x59\xeb\x36\x69"
	"\x7c\xb5\xda\x90\xca\x40\x72\xa9\xbe\xe2\xe7\x92\x89\x1c\x18\x14"
	"\x1b\x39\xa7\xb8\xb8\xd4\xa7\x9c\xcd\xc6\x06\x50\xd2\x87\x82\x0f"
	"\xf1\xee\x37\x91\xf3\x9b\xe4\x1d\x2d\x21\xfd\x0f\x88\x77\xbf\x84"
	"\x36\x53\x99\x84\x8c\xd9\xe7\xb6\xef\x22\x46\x8c\xb3\x3c\x70\xf5"
	"\xf2\x41\x23\x2f\xd3\x10\x61\x9f\x9b\xc4\x10\x51\x07\x95\xe7\xd8"
	"\xe1\xb5\x10\x62\xc1\xeb\x40\x08\x41\xd9\x3c\x54\x5a\x89\xd3\x23"
	"\x07\x95\xd3\x9c\xfa\x7e\xe4\xeb\xe4\x01\x62\x5a\x3f\x89\xa3\x60"
	"\x40\xc5\x98\x83\xe6\x24\xdb\xdc\x2c\x2d\x23\xf4\x3f\x3f\xdf\x3e"
	"\x7d\x7d\xf7\x1b\x10\xd2\x4e\xb4\x8c\xff\xf8\xca\xbb\xf9\xcb\x7f"
	"\xde\x7d\xfa\xfa\xdb\xa7\x8f\xe0\xe9\xf2\xaf\x09\xf5\x0b\x5f\xde"
	"\x81\xaf\xf1\x9f\xdb\x0e\x4f\xc0\x2b\x12\xf5\x9b\x04\x44\x9a\xd1"
	"\xfc\x52\x09\x36\x69\x6d\xf0\xb9\x2d\x16\x31\xb9\x06\x58\x56\x66"
	"\x4f\x78\x63\x6b\x4b\x53\xef\xae\xe6\xd7\xc2\x0d\x99\xa4\xe8\xf8"
	"\x24\x36\x97\xbb\xbd\xb9\x83\xa6\xf7\x4a\x86\x04\x35\x03\xf1\xb8"
	"\xa6\xed\xcd\xb4\xfe\xe6\x1b\xbf\x6f\x5c\x93\xe2\x98\x7f\x8d\xdf"
	"\xe0\xeb\xe4\x66\x84\x7c\x7b\x69\x5e\x83\xa1\x59\xe7\xe0\xef\x9a"
	"\x68\xab\xf8\x56\x1b\xbb\x37\x10\xb5\xa9\x4f\x35\x3b\x77\x2f\x2f"
	"\xf7\x9a\x22\x4c\xef\x00\x63\x71\x4d\xef\xd9\x13\xde\x2a\x2c\xaf"
	"\x9e\xb7\x66\xe0\xa2\xd0\xf5\xdb\x1f\xbc\x1a\x4b\xc5\x56\x43\x70"
	"\x5b\x29\xca\xba\x13\xde\xb2\x45\x8c\x04\x98\x1b\x07\x13\xd0\x75"
	"\xe3\xac\x41\x0f\x08\xcc\x89\x06\x88\x9a\x22\x4d\xa2\xd7\x06\x4e"
	"\x83\xd9\xf0\x78\x95\x34\x52\xde\x6e\xd2\xb2\x87\xde\x0c\x67\xe2"
	"\xe5\xeb\x4f\xe8\xd6\x25\x90\xb3\x8a\x9d\x52\x50\x26\x08\x45\x4a"
	"\xad\x64\x80\x78\x18\x99\x15\xc6\xd0\x1b\x28\x4c\xe7\x0e\xbd\xa2"
	"\xbc\x43\xe5\xcb\x47\x8a\x42\xd0\x4f\x10\x84\xa0\x5c\xa1\x74\x30"
	"\x5c\x5e\x8f\x23\x47\xdd\xde\x23\x93\xa3\x37\x0c\x72\x8b\xb2\xfc"
	"\xfe\x61\xb4\xfe\x94\xb2\x6a\x86\x18\xa3\x50\x03\xf1\xec\x92\x89"
	"\x02\xb8\xb2\x4c\xf8\xd4\x6c\x39\x28\x62\xd8\x46\xfa\x90\xa5\xbb"
	"\x6f\x5b\x12\xbf\x3c\x57\x1f\xca\xe6\x7e\xf9\xb0\x69\x8e\xc7\xc8"
	"\x68\x7e\x7c\x7f\xfb\xfe\xfb\xf7\x2f\xd3\x10\x59\x1f\x2f\x34\xa2"
	"\xaf\x47\xa5\x60\x95\x06\x8c\x6c\xa7\x38\xb9\xed\x68\x94\x44\x2b"
	"\x15\x59\xe0\x0c\x16\x5e\x5d\xf4\x7b\xa2\x8d\x32\xfa\xcd\x95\xae"
	"\x0c\x6e\xaf\x82\xce\x62\xd1\x69\xc6\xd3\x43\x9a\x6f\x22\xa2\xae"
	"\x29\xcb\xa9\x78\x7e\x01\x7e\xf9\x0c\xfc\x43\xeb\x61\x9f\x94\x60"
	"\x46\x99\x65\x89\x2a\x4e\x0d\x1d\x69\x5b\x18\x9f\xd4\x0b\x49\x4d"
	"\x04\x3e\x8c\x6b\xdc\x2a\x7d\x55\xa5\xd3\x03\xfe\x73\xef\x16\x34"
	"\x6a\x3e\x0d\x9d\xcb\xa3\xda\xc7\xc2\x83\x49\x91\x43\x34\xad\x9b"
	"\xd0\x74\xd5\x8e\x12\x0b\x4a\x9c\x34\x99\x40\xdb\xef\xe6\x51\x92"
	"\x7f\x43\xf4\xd5\xd7\xb7\xef\x3f\xf6\x1a\x1a\x6b\x78\x39\xbf\xff"
	"\xfe\x3f\x7b\x8d\x93\x8b\xee\xb6\x4f\x08\xcf\x7d\xa4\x18\x5f\xdb"
	"\xff\x8e\x41\x06\xde\x81\xa1\x69\x95\x31\x08\xca\x2b\x62\x4d\x40"
	"\x5d\x28\x8b\x4b\xa0\x5d\x5e\x1b\x02\xbf\x7e\xfc\x28\x38\xd0\xf9"
	"\x82\x24\xde\xf6\xf3\xbf\x56\xef\xc9\x2b\xd8\xa0\x2c\x03\x71\x0a"
	"\xfd\x3a\x0b\xee\x97\xb6\xee\x9a\xd5\xce\x66\xe4\x26\x52\xe2\x21"
	"\xc0\xc2\xb9\xe3\x8f\xc9\x07\x97\x90\x13\xff\x4b\xfd\x8a\x51\xb0"
	"\x3a\xa9\x83\x19\x7b\x7a\xb7\xba\xc5\xa7\x72\xa1\x21\xbb\x27\x79"
	"\x99\x34\x8e\x4b\x2d\x95\x7d\xe3\x0c\xa1\xbc\x9d\xe4\x9d\xf8\x43"
	"\x32\xd8\x3e\x72\xd2\x30\x43\xc6\xdb\x12\x4d\xee\x0c\x38\xf1\xd2"
	"\xac\x88\x57\xa7\xbd\x82\xa0\x52\x10\x2c\x25\x1d\x65\x7c\x2b\x24"
	"\xce\x9d\x57\x0c\xb6\xf0\x5b\x8a\x1f\x31\x25\x08\x46\xd1\x06\x1c"
	"\xe1\x46\xd2\x51\xdf\x76\x56\x64\x99\x93\xc5\xe8\xe6\x91\xbc\xfd"
	"\x20\xc7\xfe\x1a\x1b\x77\x0f\x1e\x39\x6c\xa4\x78\x7e\x90\xca\x33"
	"\xde\x33\x50\x8d\x31\x2a\x46\x4e\xd8\xaf\xaf\x7f\xfe\xc9\xf5\x4c"
	"\x31\xf0\x15\x2a\x80\xc8\x24\xe4\xd3\xbd\x88\xba\xa1\x3e\x3e\x6f"
	"\x1e\xb7\x00\xb8\x3c\xed\xe3\xe6\x84\x8b\xe1\x50\x13\x97\x9e\x19"
	"\xfc\x63\x21\x16\x62\x02\xf2\x18\x8e\x3a\x4d\x71\x44\xb6\xe8\xe2"
	"\x38\x76\x64\xd1\xa7\xb8\xb4\x3c\x91\x80\x22\xd7\xde\x23\x80\x7f"
	"\xe9\x5d\xa3\x91\x37\xc0\x14\xa2\xda\x36\x8e\xfd\xb5\xd1\x80\xe7"
	"\xae\x4d\x90\x9b\x64\x21\xd7\xac\x72\x42\xfe\x92\x3d\xe5\xea\x2d"
	"\x88\x68\x8a\x4f\x7f\xff\xc9\x67\x21\x55\xc7\xeb\x4c\xb7\x27\x40"
	"\xa5\xab\x2b\xd8\x05\x5b\x96\x01\xe0\xa0\x8d\xc1\x55\xff\xc8\x77"
	"\x57\x6e\x27\x53\x2a\x5c\x60\x0e\xbb\x56\x62\x4d\x9e\x38\xc4\xde"
	"\x47\xce\x2e\xcf\xa9\xa6\xa2\x57\xc6\xf7\x33\xfa\x21\x51\x34\x24"
	"\x74\xd1\x52\x82\xd4\x0f\xfc\xcd\xe7\x38\x4e\x2d\x8a\x42\x8e\x17"
	"\xc9\xf8\xcb\x04\x22\xb2\x2d\xec\x75\xb3\x21\xf0\x2e\xe7\xf1\xd6"
	"\x78\xbf\x7a\xf1\x7d\x9c\xa1\x9b\x4f\x8c\x0c\x9a\xe1\x03\xec\x90"
	"\x39\xc4\xcc\x41\xac\xd1\x67\x50\x36\xa2\x1c\x0f\x47\xb5\x69\xe2"
	"\x6e\x78\x02\x1e\xba\x96\xa1\x90\x7c\x12\xb2\x03\x4f\x3b\x96\x80"
	"\x23\x68\x30\x0d\x47\x5b\x03\x48\x5c\x97\x10\xcd\x78\x6d\x72\x5a"
	"\x53\xcd\x44\x35\xb4\xb1\xed\xc9\x34\xa4\xa3\x4b\x09\xdf\x83\xed"
	"\xaa\x37\x3b\xf2\xd8\x2b\xef\x28\xfb\x3e\x5e\x55\x89\xa7\xec\x5f"
	"\xfe\xef\xf3\x74\x2a\xb4\xa8\x9f\x8b\x03\x90\x3d\x6d\x6d\x84\x85"
	"\x7f\xad\xae\xf7\x02\x4a\xa9\xe3\x45\xd6\x01\x10\x42\x48\xba\x06"
	"\xd9\x7d\x69\xc0\x20\x74\xf0\xd7\xf4\xc3\x8c\xa8\x57\x1e\x37\x53"
	"\x45\xe9\x97\xd7\xff\xfd\xb4\xad\xa3\x50\x89\xef\x10\x9b\x02\x7d"
	"\xe7\x08\xa1\x65\x66\x40\x40\xed\x2c\xff\x00\x86\x98\x31\x88\x21"
	"\x9c\x9c\x4f\x60\xc6\x38\xe6\x7c\xc8\x91\x32\xbb\xf6\x01\xcc\x81"
	"\x32\xbb\xe6\xba\x87\xc4\x3a\x80\x31\x97\x87\x64\x96\x77\x00\x64"
	"\xab\x1c\x4f\x85\x79\xd0\x3d\x7e\x5a\x6b\xa8\x22\x09\x28\xc7\x65"
	"\xa2\xf0\x25\x59\x38\xa2\xdf\xea\x0a\x21\x98\xd8\x00\x29\x3b\xa1"
	"\x2f\x1e\x51\x5b\x1f\x9f\xad\x0c\xfe\x64\xd8\x15\xc6\x1a\x5c\xb0"
	"\xc4\x89\x90\x50\x30\x6b\xdc\xd1\xfc\x20\xd4\x4d\xcc\x72\xe4\x56"
	"\x61\x8d\xd4\x68\x16\x7b\xd8\x98\x54\x9f\xd5\x27\x52\x13\xa6\xcd"
	"\x04\xa3\x62\x59\xa7\x19\xda\x7c\xb4\x6b\x9a\xe2\x79\xdf\x74\x63"
	"\xba\x26\x4c\x44\x03\xf1\xc5\x00\x8a\xf2\x1d\x80\x0e\x18\xa7\xc9"
	"\xfd\x14\x33\x3e\xcb\x3c\x23\x91\x9b\x28\xd3\x64\x03\x1b\x57\x08"
	"\xec\x06\xca\x8f\x15\xa8\xbc\x63\xa7\xcc\x47\xa3\xb9\xf5\xbe\x77"
	"\x16\xc0\x17\x80\xd1\xc2\xaf\x20\xe4\x00\xc4\x36\x43\x1c\x2d\xa4"
	"\xc8\x2e\x5c\xbf\x7e\x72\xb5\x20\x7a\xa2\xda\xb6\xd8\xc8\x37\x4f"
	"\x9f\x3e\x38\x10\x5a\x6e\x59\xc7\x36\x02\x71\xf5\x82\x0a\xf9\xa2"
	"\xa0\x6a\xc3\x59\x9c\xb2\x7b\xc7\xfb\x9d\x77\xda\xd6\xcf\x74\xf7"
	"\x08\x98\xc7\x87\x1b\x1d\x08\x03\x39\x66\x90\xa3\x74\xc0\x9e\x9b"
	"\x64\xee\xfc\x4d\x72\x4e\x1b\xc8\x7e\x5d\xa3\x59\xc4\x33\x25\x91"
	"\xe5\x6a\xf2\x54\x38\x79\xcd\x22\xd0\x32\x11\x07\x86\x19\x82\x2a"
	"\xb1\x4b\x01\x20\x02\xb9\x7e\xd4\xf3\xb9\xc8\x0d\x7c\x5b\x8b\x19"
	"\x8d\x33\x44\x84\x89\xc1\xf6\x02\xf9\x3e\x68\x83\xe5\xdd\xe8\xd9"
	"\xfe\xb0\x6f\x28\x21\x88\x94\x75\x05\x91\xe3\x87\x86\x5c\x43\xd7"
	"\x47\x1e\xf6\x09\xa2\xe9\x3c\x86\x73\x79\x72\x3d\x7d\x63\x4e\x8a"
	"\x7a\xa8\x1d\x26\x97\xb8\xbb\x64\xe3\xf4\xed\xe9\x9b\xac\x65\x91"
	"\xe7\xfb\xca\x8b\xd8\x52\xb6\xd2\x14\x09\xf3\xd9\xf9\xe6\x6c\x74"
	"\xb4\xf4\x18\x69\x05\x15\x9b\xf5\x07\x21\x7d\x1a\xba\x88\x57\xc7"
	"\x0a\xe2\x1d\x81\x10\x03\xa4\x04\xff\xb6\x03\x18\xff\x00\x26\x38"
	"\x80\x89\xcc\x18\xd7\x58\x9e\xc8\xf1\x2c\x03\x86\xf1\x16\x34\x63"
	"\xbc\x43\x18\xdb\x8c\x09\x1c\x33\x26\x3c\xf0\xae\xd0\xd0\xce\x34"
	"\x09\x03\x53\x7f\x09\x1b\x2e\x3d\x84\x0d\x8d\x3e\x93\x94\x06\x8e"
	"\x65\x40\xd8\xa6\x92\xe4\xfe\xed\x1e\x97\x27\x2d\xe6\x1c\xda\x5c"
	"\x3f\x3e\x1b\x31\xc4\x39\x5f\x0c\x20\xdf\x0d\x7d\xaa\xc7\x30\xbe"
	"\x75\xe9\x18\xac\x45\x5a\xdc\xa5\xf0\x6d\x42\x4b\x13\xc6\xb1\x4c"
	"\x18\xae\x44\xc4\x26\x84\xda\x9e\x77\x12\x8b\xd3\x33\x39\x8e\xd9"
	"\x2c\xbb\xe6\xd7\xc0\x76\xf5\x9d\x94\xc3\x79\x58\x8f\x45\x21\x7a"
	"\xa0\x18\x09\xb5\x80\xf7\x89\xa7\x1f\xdf\x5c\x19\x6b\x6d\xc7\x30"
	"\x62\x8a\xbc\xca\x62\x24\x68\xfc\x03\x23\xa6\x62\xdf\x8c\x89\x2c"
	"\x13\x86\xaf\x5a\xb6\x11\xe3\xd8\xbe\x19\xe3\x38\x66\x8c\x77\x20"
	"\x9f\xc0\x3a\x80\xd1\x97\x59\x38\x10\xda\x66\x4c\x60\x05\xbe\x19"
	"\x64\x47\x66\x4c\x40\x8c\x98\x28\x34\x41\x5c\xae\x8c\x39\x26\x50"
	"\x60\x9a\x4f\x04\xc6\x8d\xcc\x18\xef\xc0\xbb\x7c\xcb\x8c\x39\x54"
	"\x31\xc3\x48\x2c\x93\xc6\x35\x2d\xb1\x2c\xc1\x5c\xb6\x96\xc5\x21"
	"\x41\xad\x09\xa7\xd1\x53\x22\x56\x41\x0b\xc0\xb0\x00\x71\x80\xab"
	"\x99\x8b\xb8\xd8\x57\xcd\x43\x3c\x3d\x34\xe5\x4b\x0c\x00\x62\x2a"
	"\x19\x31\xd5\x8d\xf8\x26\x80\xa9\x90\xa6\x19\x85\x6b\x1d\x26\x80"
	"\xa9\x90\x91\xef\xb8\x9e\x19\xe3\xd9\x07\x30\xfa\xfa\x36\x09\x09"
	"\x5d\xc3\x7c\x03\x18\xcf\xd1\x37\x4b\xc5\x92\xf1\xec\x2e\xc7\xb9"
	"\x99\x67\x68\xc2\xf8\x64\xe1\x1a\x31\xa1\x41\xc7\xe1\x18\xbe\xb1"
	"\x76\x8c\x98\xc8\xd2\x37\x65\xd5\x88\x80\xe9\x86\x26\x38\x13\x3f"
	"\x52\x37\x77\x53\x9e\x3a\xbd\x9a\x00\x4e\x54\xe7\x58\xbf\xb6\xd2"
	"\x2b\x33\x2c\x31\x1c\x61\x98\x1e\x38\xc2\xfd\xdb\x84\x48\x0c\x79"
	"\x68\x0c\xe8\x1e\x2a\x5d\x99\xd9\xa1\xab\x1f\x10\x59\x99\x6c\x4f"
	"\xc8\x55\x18\xc7\x36\x63\x82\x1e\x0b\x05\xf6\x28\x74\x49\x13\x2f"
	"\x2c\x8f\x81\x0c\x9f\xe7\x08\x3b\xb9\x86\x39\x9d\x26\x57\x3f\x70"
	"\x0e\x60\x5c\xfd\x6e\x87\x32\x46\x43\xdf\x54\xf2\x32\x08\x4c\x1b"
	"\xab\xc4\x76\x48\x4a\x8c\xfb\x38\x6a\x5b\xb6\x29\x2b\x1a\x12\x87"
	"\x98\x31\xa1\x61\x7f\xc1\x7b\x8e\x98\x34\xff\x2a\x76\xac\xc8\x08"
	"\x31\x7c\x9d\x1c\xe2\x3a\xc6\xa5\x33\xd4\x4f\x03\xec\x5a\x26\xbe"
	"\xa5\x59\xd7\x58\xd9\xf0\x7d\xa9\x6a\x65\x13\x12\xfd\x30\x16\x10"
	"\x62\x82\x78\x86\x71\x0e\x10\x43\x3d\x9f\xf2\x38\x20\x81\x7e\x33"
	"\xf1\xc4\x6c\xc7\xa0\x1b\x3e\x31\x88\xb0\xac\x85\xf4\xc4\x0d\x43"
	"\xf7\x62\xc4\x10\x3b\x35\x62\xa2\x23\x18\xe7\x00\xc6\x35\x43\x7c"
	"\x13\xa4\x08\x89\xcf\xe8\x01\x54\x50\x19\x6b\xcf\xa7\x88\xeb\xf9"
	"\x00\x28\x93\x51\xf3\x01\x36\xac\xa8\xb1\xe4\xcf\x32\x25\x01\x11"
	"\x2c\xcb\xe9\xd6\xcb\x74\x03\xca\xca\xac\xbd\x64\x15\x38\x04\x4e"
	"\x27\xfa\x77\x61\xe3\x72\x2f\xe9\xaf\xd6\x16\x5c\x9f\x55\xef\x01"
	"\x96\x39\x08\xe6\x04\x34\x28\x8d\xee\x5d\x69\x76\x8e\xbb\x82\xdd"
	"\x2f\xf5\x13\xd0\x29\x34\xf7\x3e\xa7\x99\x2a\xc7\x35\xf0\x1c\xe7"
	"\xed\xe8\x21\xa6\x3e\xc0\x57\x3c\x02\xfe\x9d\x10\xef\x2f\x39\xfe"
	"\xc8\x74\x89\x54\x14\x75\x12\x6f\xb4\x93\xcd\x53\x72\x99\x56\xb1"
	"\xa7\x56\x72\x6d\xe5\x00\x00\x36\x9f\xf7\xad\xe1\xa7\x02\xb7\xd4"
	"\x04\xcb\xc9\x5c\xf0\xa4\xe9\x54\xa3\x44\xd8\xa1\xcd\x02\x6d\x3b"
	"\x01\xff\xa5\x70\x5e\x55\x13\x75\xd4\x6d\xfe\x41\x95\x8f\x38\x8d"
	"\x8c\x93\x26\x7f\x97\x57\xcc\xf5\xac\x01\x6c\xd7\x7e\x7c\x95\xfc"
	"\x33\x05\x86\x7d\xfa\xfb\xf5\xe7\xbb\xfc\xdb\xcf\xb7\x1f\x7f\x7d"
	"\x15\x36\x7e\x7b\xe0\xc2\x9c\x04\xfe\xdb\x4b\x75\x96\x74\x45\x15"
	"\x47\xb7\x15\x45\xd1\x56\x72\x6f\x9f\x19\x24\xfb\xfb\xe4\xb4\x8d"
	"\x43\xdf\x51\xbd\x67\x7d\xd9\x84\xbf\xad\x8f\x59\x72\x4d\xeb\x95"
	"\x49\xf2\x9c\xb2\xa3\x22\x7f\x08\xaa\xba\x8f\x9f\xeb\x8e\x69\xb2"
	"\x9b\x9c\x82\xee\xe2\xaa\x6d\x8c\xe1\x9f\x2a\xf3\x12\x46\x61\xbb"
	"\x0e\xea\x5f\xdf\x7e\xff\xe3\xe3\xf7\x7f\xef\xc3\x3e\x2e\xd3\x50"
	"\x7d\x66\x8f\x6c\x70\x83\x07\x2d\x62\x72\x16\xd3\x62\x5e\xf2\xbc"
	"\x85\xab\x5e\x2d\x68\x32\x88\xd6\x83\xce\xac\x4f\x99\x65\x5b\x7a"
	"\x54\xda\x2b\xe5\x6b\x9b\xd8\x47\x9f\x2d\xa1\x65\xa6\xc0\x0d\x2b"
	"\xc9\x2a\x26\xec\x00\x9e\x7a\xfa\xb7\xc6\x45\x5e\x86\x5c\xc3\x82"
	"\x08\x3d\x6a\x43\xf7\xc0\xb5\xac\x8c\x9e\x50\x40\x09\x41\xdd\x9c"
	"\x5d\x06\xb3\x85\xcf\x2f\xbf\xbd\xfe\xfc\xf4\x71\xe9\xd8\xe4\xf5"
	"\xc7\x47\xa9\x3f\xc1\xf5\x3f\xd1\x96\x91\xe7\xbc\x71\xf9\x98\x4d"
	"\x57\x8c\x99\x73\x8c\x3a\x73\x79\xb4\x35\x3f\x3e\xbd\x7d\xfe\xfa"
	"\xe9\xfb\x5f\x6f\xef\x2e\xdf\xf9\x80\xfb\xf6\x7d\x1b\xd2\x76\x1a"
	"\xb5\x4d\x9b\x81\x19\x6c\xdd\x89\x79\x5a\x69\x77\x7c\xe2\x93\x20"
	"\xa5\xf9\x69\xe3\x84\xa9\x0c\x79\x7f\x4a\xca\x58\x09\x07\xc1\xde"
	"\x5a\xec\xaf\x2f\x6f\x9f\xff\xfb\xaf\x6f\xbf\x83\xb5\xed\x9e\xc1"
	"\x6b\xee\x8f\x73\xba\xfb\x82\x21\x2d\x4e\x18\x89\x3c\x5f\xad\x68"
	"\x09\x00\x75\x43\x44\xc9\x9a\xc5\xc8\x51\x57\x53\x8a\xe9\xa6\xf1"
	"\x7d\xe4\xa0\x54\x3c\x1f\x33\x87\x84\x96\x86\xeb\x16\x40\x22\xd0"
	"\xcd\xb9\xc8\x06\xcc\x4b\x6f\x41\x5d\x8b\x04\x89\x73\x08\x18\xde"
	"\x82\x7e\x64\x21\x7a\xb8\x00\xa4\x91\x1f\xda\x65\xff\x84\xbf\x66"
	"\x68\x1c\x0b\x8f\x59\x25\x1a\xba\x05\x47\x17\x5c\x5e\xf2\xf9\xa1"
	"\xd5\x35\x79\x9e\xb8\x78\x93\xa6\x71\x64\xb9\x78\x0d\x40\xcc\x97"
	"\x00\xcc\x61\x62\x05\xd1\x55\x41\x40\x7c\xad\x18\xb9\x03\x7a\x88"
	"\x5d\x9d\x18\x8b\x47\x24\xc4\x45\x85\x67\xcd\xf7\xe3\x40\xdf\xaa"
	"\xad\xdf\x8c\xd1\x55\xf0\x9a\x07\x7c\x0f\x22\x5a\x54\xed\x0a\xcb"
	"\xc0\xfb\x09\xed\x09\x10\xf3\xec\x9b\x42\xad\xcc\x17\x0d\x17\x23"
	"\xde\x81\x20\xc3\x3c\x07\xa1\x64\xef\xe3\xea\xe5\x9e\x94\x75\x8a"
	"\x71\x0b\x72\xcc\x2d\x2b\xb1\x57\x83\x98\x90\xa6\xc4\x18\xef\x17"
	"\xb9\xaf\x97\x07\xd6\xa0\x19\xc1\x83\xed\xf9\xc8\x41\xe8\x04\x08"
	"\xc3\x40\xf3\xe1\x8f\x00\x12\x18\x00\x91\xab\x07\x10\x4f\x0b\x20"
	"\x91\x15\xea\xe5\x8e\xaf\x97\x47\x86\xe7\x23\x82\xcb\x59\xe0\xea"
	"\x1e\xcf\xaa\xb3\x63\x9f\x4a\xf5\xf8\xcb\x5e\x80\x0e\x42\x19\x08"
	"\x5c\x4c\x31\xc2\x9a\x63\x33\x99\x3f\xe5\x4d\xd6\x0a\x8f\x1a\xf4"
	"\xa5\x7c\xa5\xea\x50\x61\x93\x9c\x7d\xfe\xdd\xe2\x2d\xca\x47\xc5"
	"\xa0\x99\x3c\x15\xd6\xb2\xb2\x9c\xf9\x96\x26\xf7\x36\xf1\x99\x4f"
	"\x34\xf2\x1b\xb1\xf0\xd6\x6e\x2b\x9f\x05\x36\x2e\xa7\x59\xa2\x5f"
	"\x65\x68\xee\x85\xc1\x60\xc0\x94\xbe\x85\x2f\x86\xf4\xf6\x4c\xf8"
	"\x67\xe1\x68\x1e\x47\x5c\x7a\xe2\xd3\xe0\x5b\x86\x55\x90\xb2\xb2"
	"\xc9\x90\xe1\x30\x1a\xb3\xad\xe8\x4f\x79\x9a\x14\x9e\x91\xab\xfd"
	"\x92\x16\xc8\xe5\x45\xe3\x46\x9a\xaf\x07\x0c\x78\x08\x41\xde\xc7"
	"\xf3\x2e\xca\x6e\x45\x6c\x72\x1e\x63\x46\x8b\x30\x8d\x10\x9a\x43"
	"\x2e\xca\xde\xb8\x1c\xcc\x55\x6c\xcb\x47\xe2\xf1\x89\x60\x7d\x58"
	"\x80\x5d\x5d\x24\x3f\x51\x36\x01\xd0\xcc\x2c\x23\x40\x49\xba\xfc"
	"\x10\x3b\x76\xb8\x6b\xcd\xd1\xac\x5e\x99\x2c\xd9\xd3\xaf\x32\x21"
	"\xdb\x4f\x54\xa4\x93\x60\xd0\xbd\x3b\xb2\x2d\xe5\x63\x91\xad\x5f"
	"\xb3\x1f\x20\xdd\xda\xc8\x41\x7c\x65\x50\xf2\x57\xcf\xdb\x06\x39"
	"\x5c\xc9\x23\x50\x1c\x6c\xe2\x37\x95\x9c\x44\x71\x27\x93\x14\x4f"
	"\xf1\xe0\xe4\x7c\xf8\x74\x97\x15\xf1\x86\x91\x97\x67\x02\xd4\x1d"
	"\xa1\xab\x1f\xfa\x45\xe9\xfa\x9a\x89\x83\x25\xae\x4f\x22\xcd\x88"
	"\x08\x8b\x20\x18\x4e\x9a\xe7\x03\x97\x84\x06\x40\xe4\x6a\x00\x4f"
	"\x03\xd1\x68\x4b\x71\x9b\xbf\xd4\x55\xac\xed\xbc\x19\xa3\xeb\xbb"
	"\xbe\x24\x9e\x66\x55\xe7\x62\xd7\xd6\x6b\x3d\x13\xc4\xf0\x12\xd7"
	"\xb7\x4c\xb9\x44\x91\x87\xcf\xc4\x22\xe6\x65\x1a\xda\x98\x97\x86"
	"\xd8\x41\x2b\x02\x63\x3f\x88\x51\xa7\x28\x87\x12\xc3\xcc\x23\xf4"
	"\xe1\xce\xdc\x76\x87\x18\x09\x71\x9f\xea\x82\xc5\x97\x4c\x9d\x09"
	"\x84\x03\xe9\xc6\x90\x2c\xb4\xc3\xbc\x31\x17\x38\x9c\x71\x89\x23"
	"\xae\xa3\x0f\x70\x0d\xea\x42\x90\x10\x0c\x0b\x0a\x76\x5f\x04\xb9"
	"\x12\x59\xa1\x52\xdf\x45\xd4\x8c\x15\xa8\xe2\xff\x34\xda\x66\xd9"
	"\xe9\x0c\xab\x36\x8d\x23\x8c\x0b\x6e\x03\xb2\x0d\xa0\x73\x5c\xf9"
	"\xae\xaf\x34\x1d\x5c\x40\x5b\x4b\xf4\x45\x92\xd3\x22\x72\x2d\x53"
	"\x8b\x70\x54\xe0\x84\x76\xac\x7d\x09\x9f\x34\x02\x57\x22\x92\x58"
	"\xc9\xf8\xda\x17\x9a\xaa\x22\x40\x8e\xfe\x1d\x60\xe5\xba\x5a\x12"
	"\x64\x89\x3b\xa8\x2b\x29\x56\x0c\xdf\x98\xf1\xb8\xa8\xa8\x9e\x1f"
	"\x27\x3c\x53\xf1\xc1\x32\x36\x0c\x0c\x28\xd0\xe4\x7d\x72\x00\x45"
	"\x02\x2f\x3a\x82\x0a\xac\x03\x28\xcc\x7b\x60\x83\x0a\x5d\x13\x8a"
	"\xab\xd8\x4a\x66\xc7\x05\xf2\xd0\x3d\xf6\x92\x53\x2e\x2b\x25\x2b"
	"\xd1\xb9\x7b\xc9\xb0\xd0\x60\x2b\xd8\x13\x21\x56\x70\x08\x45\x0e"
	"\xa1\xa2\xff\x67\xec\xda\x7a\x1b\xc7\x91\xf5\x5f\xc9\xe3\x59\x60"
	"\x0f\x56\x17\xeb\xe2\x05\xf6\x81\x96\x64\x99\x63\x51\x52\x8b\xb4"
	"\x22\xf7\x8b\x90\x49\x7b\x76\x02\xa4\xe3\x46\xd2\x7d\x76\xe7\xdf"
	"\x1f\x16\x25\xd9\xba\x15\x99\x87\x20\x09\xbf\x4f\x14\x2f\x45\xb2"
	"\x48\xb1\xaa\x8c\xac\x47\xa6\xad\x2d\x28\x7d\xbb\xdd\x7a\xa5\xb8"
	"\xd4\x4e\x2d\xe4\x9b\xda\x28\x87\x92\x7b\xb6\xef\xea\xe5\x1e\x54"
	"\x0d\xc7\xf5\xad\xbb\x06\x38\xc5\x3c\xcb\x71\xd7\x9a\x7c\x50\xde"
	"\xd6\x0b\xa8\x50\xfb\x13\xaf\x9e\xaa\x67\x0b\x2c\xd4\x64\xef\x6c"
	"\x1a\x73\xf6\x9d\x06\xb6\xc4\x96\xa6\x8c\xa3\x15\x65\x6e\x3d\x3e"
	"\x1c\x06\xf7\xfb\x8e\x51\x53\xad\x24\x4c\x9c\x5a\x65\xb4\x9a\xf8"
	"\x83\xae\xa2\xc1\x1f\xf2\xda\x97\x2b\x85\xd6\x34\x4a\xf8\xec\x99"
	"\xbb\x0b\xe4\xf5\x33\xdc\xaa\x3d\xd0\xc6\x3b\xc4\x0e\x06\x53\xec"
	"\x26\x65\x8f\xa1\x9e\x56\x25\xce\xa2\x04\x0b\x10\x4c\xc1\x4c\x27"
	"\xae\x88\x58\xf5\x88\x5d\xb5\x33\xbf\x1c\x90\x22\xaa\x84\xb0\xaf"
	"\x48\x5c\x4a\x28\x4d\x5a\x54\x65\x76\x4a\x35\xaf\xa4\xe9\x89\x20"
	"\xa6\x54\x12\x15\x42\x3e\x4a\xab\xf5\x02\x55\x8d\x67\x4f\xd6\x91"
	"\xe8\xe6\x36\x03\xcb\x4f\x7d\x6d\x88\xb0\x0c\x3b\x03\xd8\x91\x91"
	"\x01\x55\x23\xbb\x4b\x9a\x54\x1c\x8f\xa1\x01\xe8\x6a\xfe\x2a\xe4"
	"\xa3\xb2\x4d\xea\x9c\xea\xde\x4f\x89\xbf\x5f\xbe\xbd\x3c\x3d\x3c"
	"\x5f\xdf\x57\x22\x9c\x75\x4f\x45\x84\x81\xe7\xbd\xe1\xe1\xb1\xaa"
	"\xae\x70\xd9\x82\x59\x21\x35\xfc\x7a\xa0\x20\x87\xff\xc0\x05\x27"
	"\x77\x42\xaa\x58\x9f\x22\x57\x04\x4c\x71\xcd\x3c\x1e\x57\x6b\xac"
	"\x69\x25\x92\x08\xaf\x01\x80\x55\x84\x3f\x5b\xe4\xa2\x82\x68\x57"
	"\xa3\xad\x4e\x4d\xe3\x04\x3c\x92\x8f\x02\x97\x75\x49\xf5\x26\x73"
	"\x20\xec\x34\x78\xdc\x23\x63\xd7\x3e\x77\x78\xdc\x9f\x5d\x2a\x89"
	"\x6b\x8d\xc5\x58\xc7\xe9\x14\x58\x46\x73\x15\x33\x33\x4f\x91\xfb"
	"\xdb\x1d\x19\xcc\x9d\xf9\x31\xc9\x92\x99\xf7\xf6\x81\x04\x85\xdc"
	"\x3f\xe6\x72\xfa\xb8\x09\x83\x92\x83\x15\x83\x8c\xae\x0d\x54\x78"
	"\x67\x63\x4f\xa8\xd7\xa2\x3d\x21\xdf\x3a\x0a\x9a\xd8\x47\xb3\xff"
	"\x6b\x5e\xf4\x88\xec\xa5\x46\x1d\xd1\x48\x53\x3d\x9d\x77\xa1\x8e"
	"\xb1\xee\xd5\xae\xc3\xd4\xe7\xd5\x65\x27\x74\x5f\x5d\xf1\x6e\x80"
	"\x0f\xb8\xdd\x58\xd0\xbc\x97\xb0\x8d\x1b\x34\x6d\x5d\xee\x75\xa5"
	"\xd3\x38\x3b\xe8\x08\x02\x3c\x28\x65\x7a\x42\x8d\xf8\x1c\x82\x66"
	"\x66\x09\x73\xe4\xcf\xd0\xca\x28\x4f\x99\x11\xae\x90\x46\xeb\xd4"
	"\x4a\x8f\x75\xe6\xee\xdd\x6c\x71\xf9\xf6\xc0\x58\xf4\x0f\x88\x90"
	"\x39\xf8\x16\x9b\xfa\xde\x39\x97\x15\x04\xe9\x86\x70\xb8\x73\x77"
	"\x4f\xe3\x1a\xed\x4e\x7b\x67\xb6\x04\xde\xd3\xfb\x51\xb3\x48\x97"
	"\x55\x2c\x4a\xbe\x86\xc4\xac\x1b\xb7\x34\x9d\x0a\xf8\xd3\xdb\xf3"
	"\xcb\xeb\xeb\xd3\xfb\x5f\x77\x77\x75\x3f\x7f\xbd\xc9\xdf\x7f\x97"
	"\x25\x7a\xfb\xb8\xc2\x1f\x2f\xce\xb3\xfc\xef\xc7\xcb\xdf\x1f\xfe"
	"\x78\xbf\xbe\xfd\xbc\xbc\x7d\xfb\xf8\xdb\x72\x44\xc0\x18\xaf\x6a"
	"\xe5\x1d\x91\xcb\x81\x16\x09\x54\xde\x60\xa1\x51\xc6\x83\x37\x97"
	"\x15\xc9\xdb\xf3\xf5\x9b\x7a\xe9\xb7\xcb\xf0\x57\xff\x7a\xe5\x4c"
	"\xe7\xaa\x7c\x9b\xfd\x79\x79\xfd\x21\x7f\x81\xcb\xbc\xdb\x9d\x03"
	"\xf2\xeb\xdb\xcb\x75\xf4\xd4\x8f\xf7\xeb\xf3\xe5\xe3\xf6\xe0\xf7"
	"\x97\xff\xce\xda\xbf\x17\x97\x5a\x9d\xc7\xe8\x04\x2a\x26\xc1\x06"
	"\x89\xd7\x71\x63\x6c\x43\xc4\xe8\xe8\xc6\xb0\xb7\xdb\x40\x2b\xd8"
	"\x09\x44\x04\xf4\x22\x13\xc5\xd1\xbd\x87\xf1\xd2\xc5\x0e\x3d\xfa"
	"\x09\x82\xbb\x2e\x72\x2e\x3c\x10\x3c\x17\xb9\x3f\x7c\x27\x64\xae"
	"\xa3\x1b\xeb\x22\xab\x5d\xc7\x22\x34\x72\xdc\x9d\x86\x76\x92\xad"
	"\xe2\x6e\x74\x2d\xfb\xc8\x42\xec\x46\xf0\x9d\x80\x5c\xfa\xef\x97"
	"\x95\xd2\x09\x38\x2b\x75\x2d\xcf\x8b\xfc\xdc\xee\xc4\xbe\x9d\xd1"
	"\x94\xb0\x54\x31\xbf\x09\xd5\x52\x7a\x38\x21\xfe\xcc\x85\x8a\x22"
	"\xd5\x2f\xdf\x2e\x57\xcd\x73\x72\x59\x0b\xb0\x80\xcc\x63\x86\x6b"
	"\x60\x6c\xc2\xc6\xc0\xf0\x91\x8b\xd0\x77\x46\xa8\xed\x81\x9d\x08"
	"\xed\xad\x1e\x47\x3c\x86\xde\x70\x5f\x87\x1f\xb9\x85\x85\xee\xea"
	"\x45\x3a\x0b\x7d\x59\x0d\x3f\xd0\x56\xc3\x0b\xb5\xe3\x82\x1c\x03"
	"\x57\x2b\x47\xf1\xe3\x36\xb0\x37\x7a\x42\x68\x05\x72\xdf\xc2\x74"
	"\x92\x44\x48\x80\x85\xba\x1b\x33\xb4\xf3\x00\x9c\x56\x04\x1b\x5d"
	"\xcf\x8b\xba\xf4\xec\x0d\xbe\x8c\x2b\xdc\xb3\x96\x0b\xb9\x04\x02"
	"\xcb\xd2\x4e\x65\x8f\x4e\xa8\x95\x18\xf1\xb8\xdd\x5a\xae\x89\xe0"
	"\x1b\x08\xda\x36\xaa\xcb\xc6\x9d\x99\x8b\x8d\x06\x15\x4c\xe6\x4f"
	"\x93\xb9\x7e\x75\x58\x06\xb6\x76\xb6\x8d\x1a\xc7\x0b\x37\xd8\x3b"
	"\x2e\x6f\xda\x9c\xb5\xf2\xaa\x18\xa1\x67\x1a\xda\x81\x71\xf0\x07"
	"\xa6\x3c\xdc\x8d\x69\x7a\x70\xb7\x26\x86\x87\x1c\x51\x0e\x8c\xad"
	"\x1b\x6e\x77\xda\x81\x15\x86\x7a\x71\x3e\xf0\x70\x16\xb8\xbc\x6b"
	"\xd5\xa7\xef\x97\xf7\xa7\x7e\x6d\x1f\x45\xe0\x98\x3d\x4e\x19\x74"
	"\x94\x26\x7f\x20\x04\x3a\x81\x2d\x6a\xc7\xd7\xae\xcd\x40\xf0\xb6"
	"\x06\x42\x68\xca\x41\xdb\xe3\x45\xed\x99\xca\x20\x09\xc6\x1c\x02"
	"\x2d\x01\xb5\x5a\xbb\xe7\x10\x98\x08\x5b\x7d\x19\x02\xc7\xb3\xf5"
	"\x84\xc0\x69\xf4\x04\x53\x3b\x04\xa6\x42\x06\x81\x21\x87\xad\xa9"
	"\x1d\x6c\x37\xd4\x8a\x94\x64\x58\xbe\xab\xaf\x07\xe6\x6d\xa9\x9f"
	"\xc1\xb8\xef\x3b\x3a\xa1\x64\x62\xcb\x2c\xad\x4e\x09\x0c\x5b\x3b"
	"\x38\x25\xa3\xc4\xcc\xe1\x6f\x0c\x81\x85\xa8\xbc\x33\x6c\xdb\x50"
	"\x8e\xda\x32\x95\xa3\x36\xd6\xa5\x36\xd6\x45\xe8\x97\x45\x5e\x59"
	"\xae\x55\x46\xae\xae\xd9\xf3\xa2\xc8\x2d\xdb\xc4\x62\x1e\x2b\x32"
	"\xdd\x11\x41\xf5\x9b\xb7\xc9\x75\xa5\xe5\xde\xd1\x27\xc4\x44\x70"
	"\xf5\x84\x4d\x12\xa5\x8d\x9e\xe2\xed\xc8\x5e\xc7\x60\x94\x94\xa5"
	"\x86\x90\x88\x30\x39\x86\xda\x77\x44\x81\xcb\x96\x1e\xcd\xf6\xaf"
	"\x4f\x1f\x7f\xe2\x93\x32\x89\x4b\xdb\xf7\x74\xf5\x83\x4f\xd0\xbe"
	"\xa5\x27\xf8\x1b\x1f\x59\x7e\x5f\xbe\xcb\xcd\xdb\xff\x5d\xe0\xe6"
	"\xf8\x6d\x8f\x37\xdf\x3a\x94\xb1\x9c\x49\x5c\x5b\xd7\x0b\x1d\x27"
	"\x5c\x56\x4f\x6d\x15\xff\xd1\xbd\xeb\xf9\x2a\x5f\x26\xf7\x89\x70"
	"\x1d\x14\x79\x17\x28\xf9\x81\xe7\x1c\x96\x57\xad\x79\x5c\x3d\xa8"
	"\x4d\xf2\x74\x2b\xca\x5e\x3e\x9e\x2f\x72\x2f\xfd\x76\xb9\x82\x6f"
	"\xff\xe9\x66\x75\xb9\x3e\x06\xae\x56\xa1\x62\x9e\x13\x68\x67\x9b"
	"\xd9\xc7\xe7\x3e\x6e\x52\xb7\x67\xfe\x05\x77\x7b\x65\xd5\x3e\xae"
	"\xcf\xed\x73\xb7\xe4\x76\xdb\xfb\xa1\xac\xf0\x71\x5b\x5f\xc2\x94"
	"\xdb\xfe\xf4\xf6\xe2\xe8\xd4\x00\x1e\x27\xf7\xc3\x8d\xee\xe9\x5f"
	"\x1f\x3f\xaf\xdf\x5f\x3e\x2e\x0f\x71\xbd\x7b\xd8\x0f\x27\x05\x37"
	"\xe3\x80\xeb\xf5\xf5\x03\x9c\xdf\x4a\xf9\xba\xbc\x5e\x7f\x3c\xbc"
	"\x5d\xfe\x73\x3f\x4f\x18\x58\xe9\xfb\xd3\x8f\x3f\x5f\x9e\x3f\x96"
	"\x67\xaf\x75\x4a\x5a\x52\x8d\x1c\xb0\xf6\x09\xf0\x11\xac\x4d\xcb"
	"\x13\xff\x97\xed\x8f\x0e\x7e\x59\xd3\xd2\xf2\x54\xbb\xd8\xf7\xf3"
	"\xb8\x9a\xc4\xc0\x88\xe1\x3c\xa7\x6c\xc9\xa9\x19\xc2\x42\xac\xdf"
	"\x34\x07\x9a\xf2\xe2\xc2\x93\x6c\x0f\x87\x45\xeb\x59\xb7\x47\xc6"
	"\x7b\x1f\xad\xf7\xc3\x98\x21\x7d\xbf\x1b\xa0\xbf\xc6\xd0\x5e\x1d"
	"\x91\xde\x6c\x34\xd6\xc0\xa2\x4e\x2a\x65\x21\xf2\x2f\xdb\xb2\xa6"
	"\xa5\xea\x08\x59\x42\x94\xc7\x61\x8e\x7b\xce\x03\x32\x84\xe5\x6a"
	"\x93\x98\xc6\xab\xa7\x50\xf3\x46\x89\x92\x08\xa9\x65\x9a\x30\x08"
	"\xd4\xb7\x5a\x1d\xa8\xe9\x04\xbb\x1d\xf6\xf4\x6a\xf6\xc3\xf5\x1d"
	"\x15\x41\xc8\xa0\x0b\xd1\x21\x37\x2e\x3e\x5a\xb8\x2e\x10\x40\x36"
	"\x73\x21\x39\x23\xe4\x4d\xa9\x8e\x6a\xb6\x61\x33\xef\xf1\x09\x8c"
	"\xa8\x0f\xc0\x3b\xc4\x59\x14\xa3\x28\x23\x19\x6d\x63\xca\xcb\x0c"
	"\x09\x42\x08\xa4\x8a\xc8\x41\x95\xa3\x30\x61\xb1\x94\xe1\x35\xab"
	"\x9b\x87\xff\xe9\x8e\xb8\xa2\x6b\x39\x1c\x6d\xfd\x0d\xbc\xda\xff"
	"\xf1\xf2\xef\x5f\xef\x4f\x70\x9f\xfd\x76\x14\xc6\xe2\x87\xec\xe5"
	"\xf7\x77\x38\xcc\x7b\xbf\xfe\xfa\xf9\xf2\x76\x59\x34\x6a\x5e\x9c"
	"\xea\x84\x9c\xd0\x72\xd4\xa9\x46\x6c\x6a\xd9\xa7\x28\x98\x34\xe7"
	"\xbc\xc0\xe1\x53\x9c\xe1\x95\x47\xa2\x54\xa9\xc6\x4d\x49\xea\x58"
	"\x78\xd7\x44\xb4\xaa\x4e\xbc\xfd\x22\xc7\x0d\x9e\x7f\xc5\x48\x4c"
	"\xf0\xae\x89\x48\x05\x36\x24\x87\x18\x89\x84\x75\x23\x65\x75\xcc"
	"\x11\x49\xeb\x5d\x5f\x4e\x9e\xe9\x2c\x4f\x76\x88\x4d\x8a\xd3\xc6"
	"\x1c\xec\x59\xa9\x98\x5a\x2c\xa9\xe4\x1d\xe1\xa3\x83\xdf\x1b\x7d"
	"\xfc\x86\x7b\x1e\xf8\x11\xfd\x8c\xb3\xe7\xda\xb2\xc4\xe3\xcf\x33"
	"\xf7\xe4\x3a\xc9\xa3\xb5\x74\x68\x2f\x08\xac\xc3\xc6\x93\x55\x67"
	"\x8a\x35\xc0\x58\x3a\xcc\x29\x73\x3b\xad\xf5\x67\xba\x57\xf1\x78"
	"\x35\x39\xe6\xab\xc9\x8c\xe6\xed\x3e\x92\x13\x61\x52\xb5\x65\x74"
	"\xbc\x9b\x3f\x8e\x32\x84\xa0\x8c\x2d\xd9\x83\xd7\x52\xa8\xdf\xcd"
	"\xc7\x64\x17\x4a\x43\xf2\x64\x07\xde\xc3\x85\xc4\x2f\x1f\x3f\x5e"
	"\x9f\xfe\x5a\xda\x56\xcd\x7b\xbb\x0f\x8e\xda\x16\x25\x71\x7d\x67"
	"\x3a\xf7\x4f\x08\xa2\x8c\x6d\x87\x5b\xb6\xb7\x2a\x34\x60\xa2\x96"
	"\xd4\x6c\xc9\xd6\x48\x1f\x1c\xef\xe7\x9d\x0b\x37\xd5\x8c\xdf\x35"
	"\x84\xdb\x27\xca\x15\x56\x49\xf2\x24\x83\xa6\x95\xd3\x37\x0a\xab"
	"\xc3\x53\x12\x35\x9e\xef\x91\x23\x4e\xcb\xd2\xf2\x40\x33\x5a\xf2"
	"\x36\xdb\x59\xae\xf7\xc5\x72\xf0\x1c\xe5\xb2\x5b\xb6\x19\xb7\xdc"
	"\xa0\x0e\xe2\x47\xcb\x46\x99\xa2\x84\x93\x75\xcb\x09\x85\x48\x22"
	"\x23\x6d\xe3\x32\x91\x10\x9c\x26\x5b\xa4\xcd\xb3\xd0\xda\x84\x87"
	"\xcc\x9e\xd1\x04\x05\x43\x99\x79\x0f\x7d\x69\xf0\xa9\x6c\x57\x44"
	"\x07\x7c\x12\xec\xc3\x83\xcd\x66\xfa\xe9\x3a\xce\x65\xdb\x47\x38"
	"\xce\x05\x43\x64\x40\x55\x67\x90\xe0\x41\x60\x4b\xa9\x8d\xbe\x2e"
	"\x56\x81\xae\xe6\x10\x25\x50\xef\x55\xf4\xce\x9d\xcf\x7c\x2b\x14"
	"\x4e\x59\x69\xcc\x87\x42\x10\xc0\xa3\xfc\xb5\x75\x11\x8b\xa8\x51"
	"\x86\x84\xf1\x53\x0e\xe1\x44\xb7\x98\xff\xc7\x51\x01\x25\x2f\xdd"
	"\x78\xc8\x65\xa8\x65\xa6\xdc\x4f\x42\x42\x4c\xb9\xf2\x84\x1e\x8b"
	"\x76\xe3\x3e\xd6\x7b\x3b\x35\xd6\x5f\x54\x45\x4e\x1b\xd9\x45\x41"
	"\x10\x6e\x6b\xa4\x9b\x76\x15\x8d\xd3\x64\xaa\x2b\x75\x19\xdc\x90"
	"\x49\x0f\x52\xa9\x20\xbf\xff\xf1\x24\x67\x9d\xdd\xfb\xcb\xb7\x7f"
	"\x2f\x97\xf4\x6e\x2c\xcb\xf7\x92\xbc\x09\xb0\xdb\xa4\x6a\xa9\x8c"
	"\x73\x35\x65\xea\x09\xec\x10\x97\xb8\x36\x78\x62\x3b\xa5\x78\xc7"
	"\x24\xc2\xb5\x4b\x29\x2b\xda\x28\xd1\x6a\x5d\x87\xe0\xb5\x07\x98"
	"\x19\xb8\x88\xcb\x06\x2c\x91\xd2\xa4\xdd\x85\x9e\x25\x75\xf6\xfd"
	"\x23\xfa\x1c\xa8\x6b\xa5\xc8\xdd\x8d\xaf\xeb\x3b\xd0\xb6\xda\x92"
	"\x87\xbe\x46\xc8\xa4\xe2\x28\x7f\x68\x88\x19\xe0\x74\x1c\xba\xb5"
	"\x9c\x46\x8b\x63\xee\x7b\xd4\x04\x72\xa0\x39\x38\xba\x8e\x7c\x57"
	"\xb6\x8a\x6d\x39\x1a\x6a\xc1\x0f\x74\x47\xfa\x0f\x01\xc8\x77\x8f"
	"\x15\x62\x88\x13\x69\x2b\xf6\x25\xe6\xce\x70\xd0\x7f\x75\xc7\xc1"
	"\xdd\x84\x83\x0b\x4c\x22\x72\x52\xd3\x5a\xa3\x78\x45\x65\x8a\xcf"
	"\x65\x07\x2a\x17\x19\x59\x17\x86\xcb\x12\x6b\xf8\x7e\xa7\xa9\x61"
	"\x7e\x8e\x2b\x5c\x61\x2d\x33\x5b\x53\x33\x51\x27\x3a\xcd\x52\x50"
	"\xa9\x28\xe0\x42\xae\x82\x2f\xeb\xa6\xe2\xb6\xa8\x20\xfc\x8c\xda"
	"\xcc\xb5\x5f\x4e\xb4\x3a\xf2\xe1\x93\xf7\xfe\x5d\xee\xc9\x1f\x7e"
	"\xff\xf5\xc7\x1f\x10\x96\x6a\x1e\x86\x5a\xee\x0f\x23\x16\x83\x67"
	"\xbc\xfb\x2c\x21\xd3\xf2\x42\xd0\xfd\x79\x9c\x34\xfa\xbb\xdf\xc6"
	"\xa9\x4d\xdd\xe4\xa9\x48\xfe\xec\x69\x96\x55\x72\xe1\xbf\x2f\x6e"
	"\x3d\x10\x15\xe5\x59\x3e\x45\x16\x00\x65\x24\x4d\x76\x19\x9d\x3e"
	"\xc2\xcf\x7c\x3d\x2f\x00\x56\xf3\x02\x60\x9c\xd7\xdd\xb0\x5b\x96"
	"\x4a\x6e\xcc\x69\x9a\xcb\x99\x22\xa6\x64\xed\x52\xce\xf0\xc6\xc9"
	"\x8d\x06\x99\x18\x27\xfb\xa4\xaa\x92\xb8\x1d\xdb\x53\xc8\x74\x70"
	"\x4f\xdd\x6f\x37\xf9\x04\x80\xf5\x0d\x0a\x20\xba\xa8\xda\xcb\x2e"
	"\xf8\x73\x08\xd6\xb8\x72\xdd\x07\x5a\x44\xed\x31\xd6\x0d\xd4\x77"
	"\x6d\xc9\x1c\x0c\x8a\xce\xbb\xa4\x72\xb0\x30\xf6\x92\x40\xe4\x24"
	"\x24\x2b\x2f\x30\x9c\x32\x2e\x50\x50\xee\xe4\x38\xc1\xc0\xa2\x84"
	"\x19\xb8\x4a\xd0\x62\x73\x3b\x56\x06\xa0\x18\x9e\xd7\x34\xa6\x68"
	"\xf6\x15\xad\x51\x8c\x62\x47\xf5\xd0\x47\x78\x58\x03\xc8\x15\xdf"
	"\x24\x43\x63\x89\xb3\x8d\xf8\x2a\xea\x50\xb4\xaa\x2e\x8a\x90\x1a"
	"\xf3\x3e\x09\x28\x45\x5b\x2f\x4f\xa4\x0a\x99\x22\x77\xb2\x24\x7e"
	"\x3c\x57\x05\x86\xb9\xf1\x1e\x6d\x81\xba\x28\xe2\xa2\xb0\x51\x58"
	"\xc8\xe5\x0a\xad\x8d\x90\x0a\x44\x82\x0b\x13\xa9\x8e\xb8\x0c\xa3"
	"\x99\xca\x7d\x2f\xc3\x02\xdf\x41\x1b\x31\x1e\x9d\xf0\xfa\x60\xdb"
	"\x7e\x10\x93\x1d\x6b\xd3\x46\x6c\x3c\x7c\x78\xc4\x24\xc4\x05\xb4"
	"\xb7\x4e\x41\x25\x2d\x01\x75\xac\x60\x68\xc9\x21\xea\x8f\x83\x67"
	"\xbf\xab\x0a\x12\xf3\x43\x92\x08\x5c\x3c\x50\x85\x17\x50\x2e\xc7"
	"\x17\x62\x58\xab\xda\x2d\xb0\x9d\x55\xf7\xeb\xd1\x51\x05\x92\x6c"
	"\xe5\xd6\x63\x74\x43\x73\xb8\xf5\x2c\x13\xa3\x8c\xa8\x0d\x3d\x5c"
	"\x67\x1e\x5f\x17\x04\x2c\xdb\xec\x2d\xa9\x65\x38\x02\x39\x5b\x56"
	"\x1c\xc6\x9d\xd0\x4d\xf7\x88\x05\x89\xa2\x88\xda\xf5\xac\x2f\x35"
	"\x4a\x90\xd3\xd6\xd6\x41\x14\xa3\x01\x77\x11\xc5\x0a\x70\x11\x17"
	"\xce\x86\xa1\x70\x9d\xa6\xce\xc6\x75\xc8\xda\xb9\x1e\xe0\xa3\x40"
	"\xe9\x93\xe7\xa4\x56\xef\xbb\x0c\x7f\xad\x66\x2b\x01\xb0\xdc\x1b"
	"\xb8\xfe\x76\x9f\x22\x47\x8e\x7d\xe3\x79\x96\x7d\xdc\x6b\xda\xf7"
	"\xd0\x84\xae\x17\xa0\x70\x21\x98\xdc\xfb\x78\x44\xdb\xf9\xb3\x3e"
	"\x5e\xe0\xbd\xa7\x9a\xb1\x03\xfe\x01\x2a\x1f\xd9\xd4\xf5\xfe\x0d"
	"\x60\xe1\x76\x63\xb7\x8f\x19\xe2\x09\xfa\xce\x24\x71\x19\x86\x68"
	"\xac\x83\x09\x2b\x30\xb1\x94\x85\x11\xe2\xf1\x78\xc6\xda\x9a\x48"
	"\x65\xe8\x79\x8d\xb6\xdd\x4a\x08\x64\x5d\x91\xf5\x06\x58\x73\xff"
	"\xbe\x6c\x59\x30\xbb\x5a\x7d\x3c\xab\x3d\xc7\x0a\xb2\xd2\x50\xca"
	"\x5d\xec\xdb\x56\x60\x6a\xbb\x2a\x6a\xa2\x3c\x37\x55\x78\xda\x53"
	"\xe3\xef\x33\xeb\xca\x4e\x7f\x7e\xd6\xe9\x2f\xd7\xb7\x8f\xeb\xab"
	"\xd4\x69\xfa\x8d\x64\xa7\xdb\x2c\x3f\xac\xc8\x3d\x1d\x3b\x0f\x21"
	"\xcb\x47\x7a\x53\x45\x58\xb2\x3b\xed\xf7\x10\x16\xe1\x13\x60\x1f"
	"\x40\x00\x22\xa7\x33\x52\x9d\xf5\xdc\xaa\x10\xc3\x47\x8e\xfb\xa4"
	"\xb8\x9a\x67\xaf\xea\x09\x72\x4c\x8a\x7a\x35\x62\xba\xdc\xfc\x8e"
	"\xf4\x40\xf8\x0f\xbc\x4a\x9f\x1a\xa9\x0f\xe6\xeb\x80\xdc\xc0\xda"
	"\xfe\x2a\x12\x65\x27\xe1\x38\x9b\x51\xf4\xcf\xe2\x94\xc7\xf7\x51"
	"\xa6\xfe\x6d\x0b\xce\x67\x76\xbb\xd3\x74\xf0\x75\x23\x07\x30\x65"
	"\x23\xc2\x24\x97\x3c\xee\x02\xb9\x4f\x93\xca\xf1\x79\x5b\x9f\xd0"
	"\x26\x59\x3c\xc9\x45\x25\xd2\x24\xda\x7a\xe1\x34\x3d\x66\xa4\x0b"
	"\x51\xbb\xcc\xe7\xf0\x18\x27\xe5\x34\xa9\x22\x8f\x4c\xea\x77\xd3"
	"\xc4\xdf\x88\x0a\x68\x39\x4b\x69\x69\x5e\x9e\x44\x3b\x0d\x8a\xda"
	"\xd5\x16\x3e\x56\x4d\x13\x19\x6d\xe0\xf4\x93\xf3\x65\x4d\xb0\xc4"
	"\x16\x6c\x52\xe8\x38\x2e\xe5\x00\x76\x6d\x34\x76\x05\x04\x95\xa9"
	"\xf0\xc8\xa0\xaa\x1d\xce\x39\x01\x0f\x30\xca\x30\x60\x35\xbe\x70"
	"\x7e\x5b\x57\xdb\x22\x8b\xa7\x46\x09\xea\xd5\x55\x11\xb5\xfb\x59"
	"\x79\x6a\x70\x1a\xc1\x13\x05\xe2\x18\xcd\xc5\xac\x05\x87\xe0\xc5"
	"\xd3\x32\xaa\x4f\x88\xfd\x63\x68\x4d\xa0\x09\x9a\xea\x94\xeb\xae"
	"\xe0\x43\x5d\x92\x2f\x27\xb8\xfc\x5f\x21\x75\x5d\x31\x2c\x50\xc9"
	"\x30\xec\xd1\x4c\x09\xd8\xee\xa0\x28\x13\x25\xa9\x35\x05\x02\x7b"
	"\x9c\xf6\x64\xfb\x1e\xe6\x50\x1b\xf2\x28\x4f\x33\x17\x98\x93\xaa"
	"\xd3\x79\x79\x49\x6c\x87\x88\x39\xa7\x82\x05\xa5\x4d\x69\x80\xd5"
	"\x16\x91\xe1\xa4\x53\x18\xda\x96\x16\x76\xf4\xb0\xab\x81\x1f\x1d"
	"\x14\xdb\x89\x10\xb9\xb6\x08\x68\x44\x2c\x1b\xd1\x48\x14\xcc\x28"
	"\x16\xd6\x5d\x0d\xd3\xe6\x2c\x95\x05\xfc\x69\xbe\x71\x90\x78\x44"
	"\x3d\xec\x37\x9a\xa2\x89\x66\x8f\xbf\x3a\x26\x55\x46\x34\x2d\x96"
	"\x2a\x97\xb0\x28\x9c\x91\xb3\xf6\xf1\x2e\xfb\x8d\x3e\xfb\x8d\x21"
	"\x7b\x1c\x67\x58\x50\xb1\x6e\x9e\xc3\xb1\x24\x3a\x14\x2e\x3e\x5e"
	"\x69\x1e\x53\x24\x34\xfa\x1d\xa6\x26\x42\xfc\x9b\x31\x87\xc6\x98"
	"\x05\xce\x48\x72\x6e\xbb\x81\x65\xc0\x71\xb9\xd9\xb3\xd0\xc2\xd1"
	"\x43\xcc\x4b\x2d\x88\x8f\x51\xa9\x0f\xdb\x81\xa6\xd7\xe4\x0c\x9c"
	"\x64\x61\x63\x19\x09\xf8\x2b\x8e\x45\x95\xda\x8e\x8d\x0f\xd7\xac"
	"\xc8\xf0\xde\xcf\x1a\x7f\xe3\x6f\xb0\x60\x22\xdd\x12\x89\xc5\x7b"
	"\x03\x38\x67\x8e\xe7\x6b\xd6\x84\xe6\x80\xaf\x7d\x15\x2d\x05\x8d"
	"\xf1\x15\xa5\x62\x89\xeb\xe8\xd0\xad\xaf\x47\x3d\x47\x33\xeb\xfb"
	"\xb8\x38\xd5\x94\x84\x4e\x63\xc4\x0d\xf3\xb3\xda\xf1\x17\x1c\x1f"
	"\x1a\x75\x83\xc6\xe5\x90\xe8\x99\xed\xd7\x9c\x21\x1e\xe2\xff\x55"
	"\x37\x2c\x26\x9e\x32\x95\x1c\x92\x4e\x58\x90\x35\x0a\x70\xa9\xe8"
	"\xa9\xfb\x38\x2d\xa7\x5f\x93\x7f\xf9\x9b\x31\x4e\xaa\xa9\xfe\xa7"
	"\x4c\x76\x27\x09\x27\xbe\x5b\x24\xf4\x7e\x62\xbe\x4f\xcb\x02\xc0"
	"\x89\xd8\x9a\x21\x05\x8c\x88\x50\xf2\x45\xcb\xf0\xf7\xb4\x4a\xb4"
	"\x8c\x03\xdd\x63\xee\x76\xd5\x4a\x15\xc5\xe8\x79\xe6\x90\x45\x59"
	"\xc4\x26\xfc\xa0\x67\x88\x22\x4f\x50\xcb\xca\x81\x54\x13\xa9\x66"
	"\x34\x98\x82\x57\x44\x53\x65\x13\x8c\x15\x07\xf7\xae\x53\x55\x79"
	"\xa6\x67\x00\x91\x30\x70\xfa\xa8\xd3\x26\x98\xfa\x06\x1e\xe1\x6b"
	"\x53\xc2\x69\x9a\xab\x23\x79\xea\xac\xdc\x20\xbc\x46\xbd\xe5\xda"
	"\x1f\xd7\xf7\x87\xfd\xfb\xe5\xf2\xf1\xfc\x24\xf7\x6a\x51\x79\xba"
	"\xdf\xa7\xbb\x7e\xff\x7e\x7d\x1b\x51\xaf\x3f\xe0\xb6\xcf\xc7\xca"
	"\x23\xff\x9c\xcb\x2e\x57\x1a\x6c\xd6\x12\x5e\xe1\x65\x1c\x48\x9c"
	"\x50\x33\x87\x7f\x82\x53\xc6\x74\x6f\x64\x25\xa6\xd7\xc1\xd5\x3d"
	"\x39\x08\x66\x06\xab\xd3\x39\xdc\x81\x50\x47\xbe\x63\x5b\xf3\xd6"
	"\x5d\xc9\x6d\xe9\xbc\x94\x0b\xf6\xf2\xfc\x7e\xbd\xbc\x5e\x9e\x7f"
	"\xbe\x5f\xdf\xe0\xba\x21\x87\x43\x99\x07\xe8\xd1\xce\xc8\xe4\xbe"
	"\x4b\x1e\x59\x19\xf6\x89\xaa\x03\x96\xbe\x8e\x65\x47\x8d\x3e\xe2"
	"\x0c\xef\x17\xb4\x4d\xc0\xf6\x72\xb1\x29\xeb\x41\x7e\x07\x11\x1f"
	"\xca\xb1\x6c\xaf\xd1\x9b\xff\xb9\x7c\x47\x4c\x6a\x9a\x47\xb4\x65"
	"\x11\xe1\xe5\xf2\x2d\xdd\x8d\x12\x46\x23\x04\x62\xd1\x0e\x7d\x8c"
	"\x45\x65\x7c\x2b\xdb\xb2\x15\x7e\xbf\x82\xdb\xd8\x87\xff\xbc\xfc"
	"\xfc\x13\x6f\x91\x45\x9f\xe4\xc5\x91\x92\x36\x0f\x57\xe3\x61\x4f"
	"\x49\xbd\x57\x81\x95\xa2\xb9\xa3\xb3\x9e\x55\xf8\x1e\x77\x71\xad"
	"\x62\x64\x97\x0c\x3e\xb8\x10\x46\x7f\x89\x66\x51\xfa\x46\xec\xcb"
	"\x94\xa0\x82\xf7\xb5\x69\x45\xcc\x34\x15\x53\x1f\x5d\xfb\xe5\xa0"
	"\x6f\x58\xf8\x54\x1e\xad\x06\xff\x1b\x26\xa4\x68\x1b\xb4\x1d\x4b"
	"\x27\xec\x24\x26\x27\x3b\xd0\xac\x12\x77\x92\x6f\xa3\xde\xab\x16"
	"\x44\xcc\x13\xd6\x98\x88\x1a\x98\xdd\x48\xc7\x8d\x6d\x6d\x4c\x94"
	"\x0d\x62\xa2\x31\xa2\x78\x9e\x31\x17\x1f\x89\xe4\x3c\xa6\x6c\x4c"
	"\xc5\xf5\xdc\xd0\x37\x51\x3c\x53\x71\xb3\xc8\xc3\x3e\xd8\x0c\x9c"
	"\x5d\xec\x84\x46\x8e\x68\x79\x54\x68\x84\x6a\x11\xb5\xf6\x06\x70"
	"\xd7\xcb\x5c\x7d\x5d\x3b\x8e\xfb\x09\xce\xe6\x13\x1c\xcf\xc0\xd9"
	"\x38\xd9\xc6\x31\x73\x3c\xb3\x80\x76\xbc\xcf\xe4\xe5\x9b\x39\x81"
	"\x6b\xe4\xf8\xe6\xaa\x69\xb6\x4c\x37\xca\xe7\x2a\x16\x98\xc7\x1d"
	"\xd0\x9a\x26\xfc\x4c\x76\xae\xed\x1a\x4b\xe6\x6e\xb6\x06\x0a\x58"
	"\x80\xeb\xe6\xec\xfe\x46\xa8\x9c\xa6\xd6\x44\x31\xe1\x81\x6d\x90"
	"\x20\x49\x41\x23\x5d\xdd\x28\xa1\x6b\xfb\x46\x8a\x63\x6e\x96\x9e"
	"\x66\x6a\xe5\x54\x30\xdf\x30\xa5\xd2\x3c\x2f\xda\xea\xe8\x5a\xae"
	"\xbe\x60\x8c\x34\xdb\xd0\x33\xcc\x82\x8a\x84\xdc\xff\x99\x70\xb6"
	"\xce\x27\x48\xae\x41\xae\xbb\xb7\xe9\x65\x83\x71\x16\x6e\x6d\xbf"
	"\x7d\x8c\xe2\xc1\x61\x8d\x96\x2f\xd5\x19\xdb\x0f\x6d\x23\x27\x08"
	"\xb7\xc6\x4e\x52\xbc\x6d\xf3\x69\x9e\xa9\x37\x81\x17\xfa\x9f\xcb"
	"\x0f\x78\x9f\xc8\x4f\x8a\x63\x48\x3e\x93\x61\x47\x9c\xe5\xb8\xa4"
	"\x79\xb6\xe5\x90\xb5\x01\xa4\x30\xe7\xbf\x9f\x79\x95\xe2\x99\xca"
	"\x5e\x09\xcf\x37\x0c\x25\xa0\xb8\xfa\x9e\xe4\xa9\xc8\x3c\xdd\x9e"
	"\x50\x91\xd4\xb7\x72\xb9\xb1\x2a\x33\xba\xa7\x9a\xe3\xfb\x8e\x5c"
	"\xed\xbb\x7d\xf0\x27\x74\x1e\xf3\xae\x83\x73\xe6\x60\xee\x12\xc7"
	"\x1c\xdf\x72\x8c\x4d\x36\xf0\x4c\x5d\x20\x79\x1b\xcf\x30\x88\xb9"
	"\x20\xae\xd3\x18\x29\x9e\xa1\x65\x61\x13\x41\xf4\x9b\x20\x41\xb8"
	"\xe3\x19\x16\x4a\xc9\x41\x1d\x02\x8f\x39\x81\xdd\x98\x39\x8e\x65"
	"\xe2\x48\xfd\x4b\x3f\x0d\x2a\xff\x2b\xb6\x7e\x45\x12\x7b\xb2\x0d"
	"\x03\x03\xe7\xee\x94\xc4\xd8\x6b\x63\xae\x49\x12\x6e\x5c\xd7\x6e"
	"\x9a\x4f\x32\x9d\x66\xf3\xf9\x32\x28\xb6\x7e\xb2\xb8\x73\x9b\xb5"
	"\xf9\x42\x70\x97\x38\x4e\x90\xe8\xdf\xc7\x3b\x35\xc2\x4c\xf2\x36"
	"\xba\xa2\x60\xbb\xad\xfb\x26\x6b\x91\xeb\x23\x0b\x3d\x5b\x2f\x29"
	"\x40\x31\xe8\xc6\x8a\xb2\x31\x52\x42\xe3\x8b\xb0\x10\x1e\x63\x8a"
	"\x13\x1a\x29\xae\x39\x17\x37\x30\x52\x36\xe6\x5c\x3c\x73\x8d\x3c"
	"\x63\xd3\x05\x81\x39\x97\xc0\x37\x52\x42\xc7\x44\x09\x2d\xb3\xec"
	"\xf7\x34\xd3\xd0\x03\xd7\xca\x96\xb1\x66\x5b\xdf\x32\x53\x8c\xc5"
	"\xde\x06\x1b\x33\xc5\x28\x14\xdb\x50\xbf\xfc\x7c\x55\x47\x5e\x5b"
	"\xbf\x74\x1c\xa3\xb6\x16\x78\xfa\x09\x0f\xdc\xbd\x7a\x7a\xe9\xc9"
	"\xc9\x29\xf4\x36\x96\x91\x13\xda\x9f\xe0\x38\xda\x69\xa1\x24\x10"
	"\x90\x9c\x38\xb3\x89\xa1\x53\x07\x22\x52\xc5\xed\x49\xd0\x8c\xa3"
	"\xf0\x62\xde\xe8\x20\x1e\x9d\x14\x8c\xbc\xba\x53\x1e\xd2\x8a\x94"
	"\x87\xd5\x5c\xc6\xf8\x5a\x56\xdd\x87\x01\x1a\x2f\x6f\xcb\x1c\xe8"
	"\x24\x28\x97\xfc\xb7\xdd\x11\x21\x92\xea\xac\x1c\x70\xe6\xa9\x58"
	"\x0f\x5a\x22\x89\x98\x23\xd0\x13\xbc\x68\x59\x0f\xc8\xfa\x7e\xcd"
	"\xab\x3b\xb8\xfc\x71\x79\x7e\x79\x7a\x55\x25\x5b\x39\x2d\x82\x27"
	"\xc8\x46\x24\x11\x5a\x84\x96\x44\xd1\x49\x14\x27\x2d\xa3\x42\x4e"
	"\x5e\x15\x5a\x62\x57\x1e\x6f\x28\xad\x70\x9c\x23\xd7\xa8\x15\x78"
	"\x82\x8f\x29\x28\xbc\x4b\xb2\x23\xcd\x35\xb0\x28\xca\x76\xbf\x47"
	"\x09\xd1\x21\xa9\xaa\xb3\x06\xa6\xf2\x3f\x0d\x5e\x54\x9c\x68\xaa"
	"\x16\x15\xa7\x94\xe0\x70\x59\x15\x31\x3d\x26\x67\xbc\xfa\x91\xf2"
	"\xa2\x87\xc3\x9d\xdb\x40\x14\x97\xd2\x95\x16\x79\x45\x39\xde\x3b"
	"\x09\xd8\x9e\xe3\x0d\x94\x64\x24\xd7\x80\x09\x16\x56\xaa\x83\x0b"
	"\x1c\xfb\x2a\xeb\x8d\xa2\x69\xc2\x76\x14\x89\xc5\xa2\xf0\x7d\x85"
	"\xbf\xf6\x50\x64\x22\x39\xe2\xcf\x16\x45\x2a\xe7\x8a\x03\x61\xd8"
	"\x85\x21\xc5\x12\x7e\xe8\xe2\xb0\x2c\xbc\x7e\xc0\x1c\xcf\x78\x93"
	"\x9f\x22\x30\xcd\x8a\x50\xfc\x91\x64\x02\xb9\x67\xa3\x8a\x76\xae"
	"\xf0\x78\x8d\x40\xa0\xe0\xf8\x13\x47\x05\x8e\xfd\x46\x76\x15\x2e"
	"\x6d\xe2\x91\xe6\x07\x8d\x38\x1c\x93\x9c\x53\x39\xd7\x69\x8a\x96"
	"\x45\x2a\x18\x06\x8e\x27\xb1\x06\xcb\x8b\x1a\x97\x28\x68\x53\xed"
	"\x2c\xa7\xae\xe6\xb3\xe2\xa4\x19\x0c\x8c\x9c\xf7\x19\xe1\x78\x1e"
	"\xca\xfb\x72\xaa\xa9\x20\xa3\x10\xc2\xac\xd8\x0b\x9c\x51\xe4\x72"
	"\x61\xd0\x08\x3f\x3b\x65\x82\xea\xa5\x2b\x47\xcc\xaf\x3a\xac\xa2"
	"\x29\x8a\x16\x95\x6e\x6c\x94\x24\x87\x08\x97\x59\xa1\x19\x7b\x65"
	"\x92\xcb\x46\xcc\x85\x86\x20\x48\x76\xce\xf1\xe5\xa2\x94\x93\x2a"
	"\xe6\x3a\x41\xe1\x72\xce\x51\x56\x93\x11\xd7\x4c\x9d\x94\x91\x46"
	"\xd3\x4f\x32\x03\xcd\x20\xa8\x8a\x28\x22\x78\x15\xe4\xa4\xae\x6b"
	"\xa6\xde\x5c\x14\xc7\x75\x6b\x06\x2f\x93\x04\xec\xb8\x34\xd9\x8b"
	"\x84\x30\x1d\x9a\x64\x70\x9b\x2e\xc1\x5b\x47\x96\xae\xcc\x34\xab"
	"\x6a\xc5\x70\xf9\x49\xab\x24\xc9\x09\xd7\xac\x3a\x9c\x91\x4a\xfc"
	"\x56\x9c\xb5\xaf\x10\x54\x33\x56\xe5\xf4\xc6\x13\xcd\x50\x07\x0b"
	"\xc9\x94\x69\xe0\xea\xc4\x05\x23\xb2\x29\xf0\xa9\xe4\x04\xaa\x55"
	"\x5b\x22\x66\x3e\xdd\x3c\xab\x5b\xbd\x1e\x29\x45\x1d\xc0\x03\xde"
	"\x50\x39\x0e\x50\xf4\x6b\x52\x15\xda\xf6\xf9\x7a\x8e\xa5\x52\xa5"
	"\x99\x49\xba\xf0\xd0\xed\xe1\xb4\xc3\x95\xa3\xac\xe4\x6b\x61\x3c"
	"\xd7\x95\xd4\xee\x22\xc7\x44\xeb\xed\x46\xe3\x9a\x9e\xd9\x93\xbb"
	"\xfb\xbd\x93\x7c\x77\x57\xc9\x2c\xdf\xaf\x3f\xaf\xcf\xd7\x95\x18"
	"\xbe\xf0\xe0\x71\x37\xba\xd7\x0c\x09\x6a\xd6\x1d\xbb\xf6\x9d\x16"
	"\xf0\xee\xa0\xc7\x89\xda\x03\x5a\x9e\xe2\x10\xd1\x16\x2c\xf6\xe4"
	"\xf2\xdd\xd9\x07\xde\x2f\xca\x8c\x3c\x6f\x4f\x13\xe7\xae\x28\xd4"
	"\x6d\x9a\x2a\x3a\x48\x05\x80\xb7\x87\x28\x9e\x20\xd3\x52\x77\xf7"
	"\x4d\xc7\xcf\xe5\xb9\x9c\xf9\xa2\xa4\xcd\x93\xc7\x51\xe4\x80\x15"
	"\x3f\x4f\xd0\x58\xfd\xcd\x8c\x69\xd3\x0c\x51\xa9\xe1\x86\x3e\xe5"
	"\x13\x2f\xeb\x0a\x46\xef\x29\x4f\x68\x85\x48\x75\x58\xfb\x78\x90"
	"\xf3\x57\x46\x11\x0f\x2a\x03\x6b\x97\x29\x9b\x02\x2e\x50\x21\x03"
	"\xa6\x5c\x92\x39\x18\x91\xa5\x69\x52\xa9\xf8\xaf\xeb\x6e\xcb\xbb"
	"\x6e\xce\xc7\xd2\x05\x49\x8f\xaa\x0f\x66\xbe\xcb\xee\xf2\x74\xfd"
	"\xf8\x09\x26\x09\x3f\xdf\xaf\xaf\xaf\x60\xf5\xba\xdc\xbe\xa8\xe7"
	"\xfd\xa0\xb1\x2c\xe8\x2d\xe4\xc5\x0d\x48\x06\x74\xe6\xec\xed\x2a"
	"\x3d\xde\xa5\xeb\xd1\x00\x6f\x0c\xe8\xe8\xef\xcb\xd4\xc1\x9c\x68"
	"\x02\x25\xc8\xab\x54\x7a\x05\x51\x9a\x65\x63\xb6\x02\x6b\x22\x45"
	"\x13\x02\x24\x88\xcb\xcd\xc7\x54\xfc\x3a\x74\x51\x9a\xe1\x95\x0b"
	"\x77\x32\x13\x70\x28\x2e\xde\xe5\xcd\xc9\xb1\xad\x43\x39\x6f\xc7"
	"\x09\x89\xf2\xd2\xb6\xfd\x46\xcb\xd9\x4b\xe1\x81\x5b\x36\x3a\x8e"
	"\x5c\x9c\x5d\x88\x12\x8a\xf7\x59\x71\x6f\xc8\x95\xd4\x9b\xfb\xf9"
	"\x35\x6c\xd1\x42\xc5\xbc\x11\xe6\xad\x74\xea\x09\x68\x79\x79\x16"
	"\xda\xb6\x96\x51\x85\xc4\xf7\xbd\x6d\xa0\x25\x41\x19\x94\xb7\x78"
	"\x36\xd3\x3e\x6e\x22\xdf\x3b\x8b\x89\x5e\x9f\x3e\x3e\xd6\x67\x4f"
	"\x12\x2d\x8a\xaf\x6c\x08\x56\xef\xf2\xab\x31\x16\x2f\x1e\x10\x6c"
	"\xe9\x06\x2e\x97\xab\xd9\x3f\x1f\x54\x65\x45\x51\x81\x85\xeb\xb7"
	"\xcb\x0f\x70\xb3\x06\x3e\xe1\x78\xc4\xe9\xc3\xef\xbf\x7e\x3e\xec"
	"\xb2\x23\x4c\x6d\x2d\x8f\x1f\xbe\x3f\xfd\x35\x5c\x75\x7a\x7a\xfd"
	"\xb8\x3e\xfc\x7e\x79\x78\xbb\x5c\xbe\x5d\xbe\xfd\x3f\x63\xd7\xd6"
	"\xdd\x2a\xae\xa4\xff\x8a\xd7\x79\xea\x7e\xe8\x39\xdc\x8d\xd7\xac"
	"\x7e\xc0\x5c\x6c\xb6\x11\x10\x04\x36\xe9\x17\x56\x3a\x71\x67\x7b"
	"\x75\x12\x67\x1c\xe7\x4c\x67\x7e\xfd\xa8\xc4\xc5\x08\x54\x90\x97"
	"\x5c\xf4\x15\x42\x48\x25\xa9\x54\xaa\xcb\x7f\xb3\x4a\x8f\x42\x4d"
	"\xdb\xe3\xcb\x3b\xb7\xfd\x79\x85\x14\x19\xa7\xb7\xbf\xce\xe2\x37"
	"\x35\x74\xc3\x66\x36\xc5\x13\xbe\x0c\x7d\x2a\xd0\x04\x60\x62\x99"
	"\x50\x9b\x93\x3b\x81\xb3\x9e\xa5\x0b\x98\xa4\x83\x49\x00\x7d\xba"
	"\x90\x7a\x58\x48\x80\x3e\x19\xfb\xdb\xc9\x67\xa9\xa8\xe7\x65\xca"
	"\xea\x5b\x64\x48\x5e\xbc\x3e\xd9\x8f\x82\xa4\x74\x9b\xcc\xbf\xd6"
	"\x89\x9c\x02\x89\x76\xd5\x27\x4b\x62\x1f\x3f\x79\xf4\x09\x77\x10"
	"\x3e\x6b\x96\xaa\x4d\x6b\xc0\x06\xc4\x9d\x1f\x0f\x3f\x66\x9d\xb8"
	"\xb6\x34\x13\xef\xeb\xc2\x91\x0b\x3c\xe1\xeb\xc3\xf3\xe9\xed\x59"
	"\x16\xa6\x92\xaf\x46\x9e\x6b\x4f\x8c\x20\x3f\xb4\x4d\x70\x56\x98"
	"\xe2\x49\x16\xf9\xfe\xe4\xc5\x54\xc7\xf6\x44\xbe\x2c\x78\x99\x3b"
	"\xe4\x7d\xd2\x26\xfc\xc4\x9b\x05\x3f\x36\x8e\xb7\xf1\xf3\xa9\xca"
	"\x3d\xc8\xc6\x97\xd5\x9e\x78\x75\x96\xf8\x97\x87\x2b\x9b\x8b\xaf"
	"\x8b\xcd\xcb\xe7\x71\x11\x3d\x7c\xf1\x08\x8f\xc3\xc7\x78\xd8\x2b"
	"\x10\x51\x07\xa2\x1a\x5f\x82\x88\x6e\x96\x92\x72\x8f\xa6\x08\x39"
	"\x24\x4b\x75\xb7\x61\xe4\x75\x89\x24\xf8\x62\xc7\x78\xe4\xf5\xfc"
	"\x74\x14\xf2\x42\xf0\x05\x2d\x4c\x18\xaf\x45\xf7\xc8\x77\x85\xf1"
	"\xde\x67\x47\x40\x07\x8c\x72\xc5\x1d\x12\x52\x7e\xa4\x69\x68\xa8"
	"\x63\xc8\x3b\xb8\xfa\xb0\x93\xa1\x6c\xba\x93\x39\xc5\x64\x27\x73"
	"\x8a\x99\x4e\xae\x05\x97\x36\xdb\xc7\x40\xe4\x83\xe7\x13\x21\x4d"
	"\xd5\xad\x69\xce\xb0\x43\x6b\xea\xa0\x51\x69\x4b\xbe\x47\xc3\xd9"
	"\x70\x1b\x32\x61\xde\x77\x26\x37\xf7\xa5\xa5\x48\x67\x10\xb7\xde"
	"\x94\xee\x47\xb5\xe7\x96\xd8\xca\xc6\x9b\xab\xd5\x44\x7f\x49\x30"
	"\xf9\x07\x34\xa0\x13\x66\xae\xb3\x8e\xf0\x29\xd5\xd2\x65\x3b\x5d"
	"\x45\xac\x11\x7a\x64\x13\x6a\xe0\x1e\x95\xbb\xd5\x91\x0b\xb4\x1e"
	"\x11\x17\x9d\xb7\xfe\xd4\x4a\x5e\x13\x82\xcd\x0b\x68\xce\xfd\x08"
	"\xb7\x4a\xef\xbf\x3c\x65\x22\x53\x39\x4b\xd5\x2c\x98\xc4\x9e\xa3"
	"\xf4\x49\xea\x6f\x10\x8e\x6d\x48\x82\xdc\x0b\xd9\x30\x24\xc8\x18"
	"\xec\x43\x76\xbe\x9c\x7b\x4d\x98\x22\xce\x03\x7d\x9a\xd9\x5a\x7c"
	"\x36\xbd\xbe\xd3\x49\x2d\x5d\x85\xe8\xb7\xfa\x1f\x67\xab\x9a\xae"
	"\x7d\x83\xca\xd4\x67\x7b\x7d\xc3\xa3\x59\xcc\x77\xc5\x61\x96\xa4"
	"\x28\xe6\x48\x40\xdd\x9f\x3a\x71\x95\x4e\xed\xc6\x02\xe9\x2c\x59"
	"\x44\x67\x7b\x6b\x97\xac\x21\xb0\x95\x3b\x3b\x02\xc4\xcd\xab\xe2"
	"\x1b\x1d\xcb\x03\x69\xcc\x12\x25\x74\x89\x59\x7d\x0c\xc8\xb0\x94"
	"\x39\x7d\xb2\xb2\xf8\x0e\x0f\xc5\xce\x9e\x48\x23\x07\xf5\x68\xd2"
	"\x48\xd3\x15\x1d\x99\x17\x49\x1e\x5a\x58\x50\xf8\x1e\xd9\x9d\xeb"
	"\x14\xb3\x9c\x75\xc7\xb6\x0d\xd0\x40\xcc\xd1\xd1\xd4\x4d\xed\xd2"
	"\x9c\x25\x73\x82\xd9\x25\x93\x86\x7e\x96\x39\x87\x30\x63\x0b\x13"
	"\xa5\xb3\xd4\xf7\x64\x9d\x44\x73\x54\xf3\xd3\x91\x07\x35\xfa\x81"
	"\xa5\xf5\xeb\x11\x96\x6c\xe5\x4f\x66\xfb\x23\x49\xd1\x1b\x8e\x3e"
	"\x15\x89\xc3\xd8\xcf\xbf\x53\x99\x3b\x5f\x5b\x09\x1a\xb7\x8a\xcc"
	"\x56\x77\x08\xe9\x76\x9d\xc4\xf3\x03\x41\x0b\x55\x99\xe5\xea\xbb"
	"\x7c\x76\xae\x15\xa9\xb7\xb4\x03\x65\xa9\xcf\x56\x36\x3a\x47\x75"
	"\xdb\xbb\xa8\x9e\x7a\x92\xeb\x59\x7c\x12\x5a\x78\x6b\x18\xaa\xe1"
	"\x3b\xb1\xe3\x15\xf9\xe4\x7c\xd8\x53\x7f\x33\xa1\x64\xda\x24\x39"
	"\x7a\x33\xc4\x29\x26\x4e\xdd\xed\xae\xe9\xde\x2f\x5d\x4b\x9f\x20"
	"\x83\xcb\x0d\x9c\xf7\x42\x0f\xbf\x1d\xe2\x7a\x0f\xd8\x4f\xd1\x0b"
	"\x51\xde\x09\x70\xd5\x3d\x15\xf4\x99\x77\x45\x48\xd9\xaf\xfd\x06"
	"\x5f\xff\x23\xfc\x53\x99\x50\x1c\xbb\xfe\x3e\x5c\x67\x90\x3a\x15"
	"\xff\x94\xe4\xe0\x64\x59\x98\x60\x2a\x03\xd0\x51\x8c\x35\x49\xd4"
	"\xcf\x6b\xed\x45\x10\x96\x79\x31\x71\xe0\x09\x29\x44\x22\x09\xf0"
	"\xfd\xf0\x9e\x3d\x8d\x33\x83\xff\x07\xef\xce\x12\xe7\x35\xd0\xa1"
	"\xb1\xdf\x9a\xa9\x96\xf8\xb9\x71\x4b\x43\x17\xfe\xd0\x4d\x45\x9f"
	"\x25\x32\xb0\xe4\x57\xbc\xc3\xc3\x78\x07\xae\xdf\x10\x54\xd7\x9f"
	"\x38\x2c\xb8\x5b\x27\xa1\x83\x8b\xeb\x6e\x8a\xa5\x3f\xbf\x3e\x4e"
	"\x8f\x0f\x2f\xf5\x89\x4b\x2e\x4b\xa7\xdb\x5e\x0c\x94\x38\x49\x6b"
	"\x6d\xa3\xeb\x87\xbd\x30\x1a\xed\x69\xaa\xce\xa7\x29\xfa\x83\x36"
	"\x18\xab\x46\x2c\xe7\xf6\x74\xba\xd2\xe8\xb0\x85\x36\xf3\x8c\xa9"
	"\xfb\x75\x41\x27\x8f\x05\xba\x82\x4b\xc6\x45\x24\xb5\x37\xbc\x9d"
	"\x4e\x45\xf9\xbf\x2e\x1b\xc7\xb8\xe8\x61\x92\x20\x17\x48\x05\x10"
	"\x5a\xd0\xa7\xf8\x0b\x84\x90\x1c\xfd\x37\xb0\x0f\x06\xf3\x87\xc3"
	"\xef\x9a\x04\x6d\x35\x0e\x71\x41\xaa\x3a\xb8\x0c\x65\x74\xb7\x96"
	"\x76\xbb\x5a\x1d\x71\x46\x3e\xdc\xc7\xcb\xe9\xfd\xe7\xf1\xc2\x06"
	"\xfc\xa6\xc1\x1e\xae\xa8\x01\xb0\xe7\xc4\x26\xd0\xaa\x52\x0b\xcf"
	"\x45\x69\x36\xd9\x24\xdc\xea\x25\x51\x82\xb4\x74\xb4\x25\x3e\x19"
	"\xc9\x7e\xb2\x7a\x80\xf5\x09\xbd\x69\x9c\xc2\xe3\x5c\xf1\x8a\xd7"
	"\x01\x0d\xc4\x27\xfb\x9a\x3d\x3f\xd5\x04\x87\x78\xa6\xa9\x5b\x53"
	"\x24\x4c\x0a\xd0\xb4\xa5\x36\x8d\xdb\xf8\x38\x6c\x92\x1d\x2e\xb9"
	"\xfb\x1b\x4d\xc1\x3f\xae\x61\xa9\x71\xb2\x52\x61\x7d\x59\x33\xa1"
	"\x27\x4d\x28\x3b\x5b\x8a\x07\xe9\xa0\x51\xf7\x0a\x45\x14\x22\x63"
	"\x8b\x85\x85\xf4\x18\x5e\x54\x3e\x6c\x69\xc3\xc2\xd6\x5b\x5c\xac"
	"\x54\xf2\x7c\x50\x25\x6b\xbf\x1c\x96\xc5\xe3\x16\xf9\xe3\xa2\x74"
	"\x0b\xca\xc2\x11\xa1\x3f\xfe\x9a\x62\x4d\xc7\x84\x59\xcc\xf6\xc9"
	"\x61\x21\x81\xf8\x66\x37\x5d\xb1\x80\x05\x23\xea\xc2\xe9\x07\xfa"
	"\xee\xca\xb4\x51\xad\x42\x4c\xa3\xba\xac\xbe\x08\x15\xee\x09\xe1"
	"\xcf\xe1\x4b\xda\xd2\xb6\xf7\xbe\xa4\xa0\xe3\x12\x04\xe1\xdd\x2b"
	"\x87\x62\xf4\x21\x7f\x0a\x69\xbb\x53\x4e\x50\xf7\x2a\xf2\xb0\x8f"
	"\x55\xdb\x0c\xa5\x1c\x14\xc6\x44\x4e\x12\x30\x76\x65\x4c\x8b\xa2"
	"\x01\x0e\xf1\x31\x1c\x6c\x12\x03\x18\x8f\xaa\x3b\x26\xd6\xd0\x17"
	"\x71\x26\xc0\xc0\x81\xfd\xe6\xb0\xde\x3d\xbe\xf0\xf4\xc8\xa6\x2f"
	"\x69\xc0\x20\x60\xb8\x35\x8f\xb2\xcd\xf6\x17\x9d\x7c\x3b\xb8\x05"
	"\xcc\xb7\xdd\xf0\x8a\xcb\x13\x03\x7c\x9f\x60\x9b\xe9\x78\x3a\xd7"
	"\x2b\xd6\x68\x3e\x15\xb1\x0b\x87\xae\x80\x0e\x9b\x79\x43\xe0\x5d"
	"\xf8\x5e\x76\x23\xe3\xed\x44\x1a\xd4\x23\xbb\xa9\x0f\x07\x77\x87"
	"\x37\x8e\xc3\x97\xdd\xa9\x0c\xef\xb5\x52\x9f\x49\xeb\x63\xc5\xee"
	"\xa0\x12\xc9\xa0\x0d\x54\xfb\x6e\xd5\x2d\xdd\x78\x17\x83\x5b\xfa"
	"\x48\xf0\x82\x75\xa1\x22\x74\xe2\xed\xdc\xd4\x6b\x02\x1f\xd8\x42"
	"\x0c\x50\x6f\xbd\x49\x27\xe0\x83\xbf\x76\x11\x3b\xa2\xfc\x3e\xf5"
	"\x27\x24\x0a\x08\xb2\x47\x0f\x61\x3e\x71\x0f\x14\x41\xf8\x3d\xcc"
	"\xd0\xac\x15\x1a\x2b\x54\xea\x94\xe6\x3f\x21\xa4\xa7\x49\x4e\x0f"
	"\x19\xf5\xef\xd8\xa1\x93\x08\xfc\xd1\x14\x53\xcf\x5e\xda\xb2\x90"
	"\x8d\x2d\x5e\x2b\x9f\xbf\x7a\x55\x57\xeb\x28\xe9\x47\xb2\xeb\x8a"
	"\x1a\x63\x8b\xdf\xed\xce\x56\x1c\xcc\xc0\x0b\x27\x13\xac\x33\x80"
	"\x7c\x78\x36\xa8\x2f\x3a\x78\x5e\xef\x3a\xb5\xf7\x37\xec\x19\xa0"
	"\x9e\xd1\x31\xbd\x87\x51\x6f\x2b\x86\x39\xeb\x0a\xab\x41\x9c\x9a"
	"\x31\x1e\xe5\x01\x91\x3f\x9a\x30\x39\x23\x73\x28\x72\x74\x15\xe9"
	"\xf2\x95\x3a\x4f\xe5\x1d\x5c\x42\xb7\xee\x0c\xe1\x54\x06\xfa\x1b"
	"\x55\x00\xbf\xa5\x2e\xc4\x40\xc3\x6f\x4e\xbe\x86\x25\xec\x5c\x37"
	"\x1a\x9d\x30\x20\x70\x6d\x8d\xbe\x0c\x71\x20\x01\xcc\x5d\x2f\x11"
	"\xaf\x06\x40\xf7\x90\xc8\xdc\x23\x04\xff\x5c\xef\x80\x3f\x5c\xa0"
	"\x27\x00\x80\x8b\xa9\x5e\x2c\x58\xc7\x84\x16\x9b\x8f\xf8\xf3\xee"
	"\xdd\xd6\xc5\xbf\xab\x4d\x0b\x90\x4e\xd0\x90\x7c\x37\x33\x40\xa5"
	"\x1f\x27\xf1\x24\xeb\x35\x83\x24\x79\xd6\x21\x16\x12\x9a\x81\xf8"
	"\x84\xe6\xa1\xa8\x31\x6c\x4f\xc6\xfe\x81\xdb\x1d\xf5\xc2\x71\x82"
	"\x15\x12\x8f\x7f\xdb\x5f\x66\x6f\xa5\x15\x6e\xb7\xcb\x89\xd6\x19"
	"\x68\x2c\x62\xd0\x12\x6d\x0f\x70\x8e\x8f\x37\xfe\xd8\xb9\x03\xcc"
	"\x8f\x25\xba\xb1\xba\x06\x97\x58\x3a\xe2\xe9\x75\x23\x10\xf5\xc6"
	"\x42\x33\x87\xc1\x18\xea\xd2\x4c\x51\x54\x43\x45\xd2\x4d\x73\x12"
	"\xc8\x9f\x88\xa8\xfe\x5a\x1c\x8b\x5b\xd1\xe1\x2b\x2c\x2a\x33\x10"
	"\xb0\x86\xad\x4c\x5d\xc3\x1a\x3e\x8c\x7d\x5b\x57\x9a\xea\x2b\x63"
	"\xaa\xd1\x0c\x37\xa7\x1a\x95\x9a\xa6\xa6\xce\xe0\xfa\x34\x6e\x4d"
	"\xd6\x6f\x9b\xca\x64\xfd\x68\x2c\xe3\x5b\x9f\x48\xc3\x0a\x77\xb0"
	"\x25\xfa\x57\xf2\x72\x8f\xc9\xab\x9a\x41\x15\xdb\x44\x9f\x14\x03"
	"\x31\xf3\xb2\xcc\xdf\x40\x7e\x3f\x44\x9f\x57\x33\x97\xc7\x8e\xaf"
	"\x53\xdf\x9b\xeb\xe6\x6a\xa2\xbf\x72\xd7\xb1\x4c\x24\x00\x71\x4d"
	"\x10\xb9\xe6\x0a\x73\x5a\xed\xf8\xd0\xfc\x07\xc7\x43\xaa\xab\x41"
	"\xa4\xab\xab\x72\x96\x66\xe0\x59\x3a\x98\x7b\x75\x10\xa1\x97\xd3"
	"\xdb\xdf\xbf\xa8\xbf\x72\x5d\x4b\xb6\x59\x2f\x1a\xd7\x80\xcf\x37"
	"\xc8\x12\x28\xf1\x79\x5a\xfc\x72\xb3\x1c\xfe\x75\x3c\x7b\x41\xc5"
	"\x47\xf0\x86\x91\xa8\xcc\x10\xfd\x34\xc7\x0b\x2a\x0a\x89\x5d\x93"
	"\xf3\xcb\xe9\xf9\x59\xd0\xf3\xf5\x0d\x26\x87\x2b\x58\x6b\x47\x39"
	"\x08\xf4\x2b\x60\xec\x2c\x06\x26\x3d\x23\x2e\x69\x71\x26\x5a\xef"
	"\x26\xc6\xb1\xa1\x22\xb9\x87\xb1\x60\x4b\xb2\xf5\x99\x8c\xb3\xf6"
	"\x9d\x1c\x69\x48\x17\x72\x1a\xc1\xdd\xb4\x10\x42\xad\xf7\x31\x87"
	"\xc9\xf8\xfb\x30\xbf\x9f\x6b\x43\xb3\xb8\x48\xbf\xb3\x31\x95\xe5"
	"\x46\xa5\xbc\xbf\x4f\xef\xd7\x87\x3f\x5f\x8e\x1f\x8b\x6b\xdd\xe9"
	"\x37\x7e\x88\x8f\xd7\xbf\x4e\x2f\x57\xc8\x1a\xc9\x93\x20\x2e\x7e"
	"\x81\xb1\xb9\x3e\x5c\x9e\x8f\xd7\x31\x33\x74\xa3\x90\x39\x31\x0d"
	"\xb1\xe4\x08\xe2\xb7\x3a\x6c\xc0\x9c\x79\xba\xd4\x89\x11\xcf\x1e"
	"\x81\x8c\x1d\xb7\xb1\x6c\xa2\x60\x52\x40\x69\xb8\x86\xa4\x58\xf2"
	"\x4b\x84\x90\xfd\x8c\xd9\xae\x1e\xcb\x46\xd8\x67\x4b\x10\x93\xe1"
	"\x12\xb0\x22\xa6\x6e\x56\xf4\x94\xc4\x1c\x1a\x19\x49\x67\xb9\x0b"
	"\xfa\x29\xb1\xa0\xde\x69\x85\xa2\xad\xcb\x84\x89\x7b\x79\x61\x1b"
	"\x93\xfe\x5f\x97\xeb\xa3\xf2\xaf\x3e\x01\x03\xf3\x64\xeb\x8a\x4f"
	"\x35\x85\x83\xa7\xba\xef\x03\x12\x4c\x44\x06\x2c\xde\x13\xae\xca"
	"\xe0\xe3\xca\x0a\x16\xa7\x36\x1b\x56\x6f\x16\x02\x21\x3b\xda\x05"
	"\xf0\xb2\x60\xd0\x6a\x5e\x0e\x31\x9b\x25\xc5\xb5\xc5\xbb\xd0\x96"
	"\xb6\xbc\x2a\x42\x9f\xa7\x62\x95\x8e\x0a\x6f\x75\xb6\x97\x1f\x12"
	"\xc0\xe6\x1d\x5a\x2a\x11\x2e\xda\xe7\x9c\xf5\xda\xfc\xc3\x47\xdc"
	"\x15\x6e\x44\xa5\xad\x94\x48\xbf\x00\x81\x47\x21\xbf\x44\x7f\xed"
	"\x10\x91\xca\x65\xec\x5e\x20\x2e\x8f\x7d\x52\xc4\xc3\xb9\x47\x62"
	"\x21\xfa\xd6\x96\x64\x7b\x4f\x6c\xd3\x9a\xfe\x1e\xe2\x94\xd6\x0a"
	"\x91\x8e\x5b\x9a\x8c\x9a\xae\x3e\xf3\xae\x90\x46\xaa\xa6\xd8\xdf"
	"\xa0\xd1\xbe\x53\x11\x72\xcf\xd9\x12\x95\x8c\xc4\x9c\xa4\x48\xdd"
	"\x00\x0d\x51\x20\xd0\x28\xd6\x37\x88\xf4\xef\x10\x7d\x87\xc6\xd6"
	"\x27\x58\x87\x18\x6a\x6e\x2b\x32\xd6\xa9\x91\xea\xe0\xe5\x93\xaf"
	"\x58\xdf\xe9\xda\x6e\xe2\x05\xf9\x21\x5a\x69\xba\xae\x88\xb3\xae"
	"\x41\xc4\x38\x11\x5d\xab\x9d\x88\x38\x54\xd6\x26\x9e\xb6\x61\xa5"
	"\x4e\xb3\x0e\x65\x92\xf3\x0a\x49\x33\xd1\xd2\x04\x04\x0d\x83\xd5"
	"\x71\x20\x9b\x74\xea\x2c\x89\x89\x04\x37\xea\xd7\xa2\x4d\xb3\x8d"
	"\x4f\x74\x05\x89\xdf\xd4\xd5\xb2\xb7\x6d\x65\x9c\xc6\x1c\x0e\xb7"
	"\x33\x0b\x0c\x8c\xe2\x6a\x66\x3a\x02\xc9\xec\xc4\xd7\x15\x6d\x9e"
	"\xc4\x9c\x25\x31\xf4\x79\x92\xe5\x2c\xc9\x4a\x99\x5f\x60\xd4\xe9"
	"\xe9\x9c\xad\xb0\xe8\x88\xb7\xa1\x33\xe6\x47\xd7\x52\xd5\x6f\x2c"
	"\x64\x86\xfd\x8d\x05\x51\x9b\x9b\xca\x9a\x3a\xb3\xb8\x10\x37\x5d"
	"\xae\x4c\x64\x32\xf6\x83\x4d\x7e\xdd\xf8\xe7\xe1\xed\xe9\x3b\x1b"
	"\x95\x47\x75\xcc\x40\x4c\x6c\xe1\x1c\x23\x33\x3e\x5a\xb9\xe3\x64"
	"\xf2\x9d\x65\xed\x4c\x3b\x5c\x82\x64\x96\xee\xb1\x87\x66\x5b\x73"
	"\x24\x58\x9a\xc3\x3e\x89\x39\xcb\xaa\x96\x6d\x56\x81\x43\xc2\x68"
	"\x76\x67\x5d\x1a\x73\xb3\x47\x33\x94\xe9\x39\x48\xf3\x9d\xba\xcc"
	"\x9d\x19\x4e\x32\xec\x7c\xe6\xeb\x81\x44\x37\x67\x49\x90\xd0\x22"
	"\x1d\x09\x25\x96\x36\xf3\x51\xeb\x3b\xc3\x9e\xe1\xea\x2c\x35\xdd"
	"\x99\x69\x08\x1c\x33\x3d\xc5\xfe\xb8\x8f\xef\x48\x3a\x62\xa9\xf3"
	"\xdb\x6f\xec\xb0\x32\x60\xa8\xc1\xa3\x43\xe7\xaa\x6e\x7f\xc8\xd9"
	"\x5f\x73\xcb\x3f\x8d\xf7\xd3\xbc\x98\x2d\x75\x69\x5e\x8b\x8e\x99"
	"\x1b\xed\x50\x17\x63\x84\x1e\xdf\x3e\xd8\x31\x78\x66\x0e\xf4\x1c"
	"\x45\xe1\x48\x29\xcb\x3c\x49\x9c\x9b\xa7\xe2\x2d\x59\x65\x57\x8a"
	"\xd8\x8c\x81\xe5\xfe\x28\x07\x25\x44\x25\xae\x63\x64\xf7\x32\xd5"
	"\xb2\xb2\x26\xe9\x1a\x57\xab\xc5\x7e\x44\x45\x34\x09\xfa\x6f\x06"
	"\x17\x9e\xcc\x61\x4c\xb3\xf1\x10\x07\x12\xef\x50\x39\x65\x08\x8f"
	"\x22\x89\xf4\x20\x5e\x34\xf6\x30\x8f\xcd\x0e\x96\x5c\x8e\x25\x9f"
	"\x43\xf1\x3a\x0d\x9a\xea\xa5\xf8\x9d\x9b\x40\x0e\x52\x68\x38\xd9"
	"\x20\xc6\x80\x37\x1a\xec\x03\xd0\xc6\x37\x18\xa2\xcb\xef\xbc\x1b"
	"\x6e\x92\x50\x13\x2a\x7a\xd0\xa5\x82\x4e\x3c\xe7\x5f\x53\x41\xe0"
	"\x01\xba\x76\xb2\x2e\x57\x30\x6b\x9e\xfb\x72\x82\xa0\xcb\x7d\xd6"
	"\x71\xe8\x7d\xec\x56\x79\x89\xf6\x00\x2b\x97\x9e\x61\x58\xf9\xba"
	"\x08\xc6\x6e\xad\xbc\x3e\x30\xd3\x11\x82\xa6\x1f\x78\xb9\xfc\x84"
	"\x5b\x94\x93\x36\x72\x48\x9a\x8b\x7d\x80\x01\x8c\xfd\xda\x84\x36"
	"\xd2\xcc\x58\x90\x5f\xfb\xd6\xa3\x4d\xbe\x6d\xe2\xc7\x82\xfa\xa2"
	"\x29\xc6\x34\xe5\x0d\xbc\x86\xc8\xfe\x88\x2d\x69\x43\xc2\x33\x23"
	"\x4d\x11\x10\x22\x7e\x48\xe3\x3f\xfc\x78\x39\x7f\x9c\xff\xba\x2e"
	"\xb6\x5f\xef\xc7\xcb\x6f\xfb\xc5\xf3\xe7\xf1\xe3\x2a\xf3\x92\xa6"
	"\xb9\xc3\xe6\xa0\x5c\x59\xb5\x49\x22\x2f\x08\x11\x4d\xb8\xbb\xcd"
	"\x12\xe2\x77\x4e\x92\x14\x51\xcb\x47\x91\x13\x27\xa5\xd4\xa1\xb4"
	"\xad\x28\xda\xc1\x79\x98\xf5\xc4\xae\xe8\x31\xe2\xd6\xd9\xfb\x80"
	"\x41\x06\x84\xd4\xe9\xa7\xc2\xaa\xbd\xb0\x01\xbb\x25\x22\xe3\x81"
	"\xec\xdd\x97\xf3\xe3\xdf\x75\xde\xd5\xff\x3d\x5f\xfe\xee\x7f\x26"
	"\x54\xb4\xa5\x9e\x5c\xd7\x75\xab\x90\x87\xbf\x32\x90\x50\x5a\x3d"
	"\x32\x1a\x9a\x58\x04\x2c\x91\x0a\xd1\xc5\x8b\x44\xc6\x77\x88\x90"
	"\x28\x6a\x3d\x22\xd7\x73\xfd\x25\x92\xc6\x67\x40\xb6\xd2\x66\x3f"
	"\xd1\xa5\x90\x86\xa1\x42\x72\x14\x00\x45\x13\x77\x0f\xc5\xef\x92"
	"\x2c\xbc\x9b\x7b\x4d\x7d\x28\x9b\xa5\x3a\x90\x39\x92\xbd\x2b\x93"
	"\x50\x7b\x04\x6c\x65\x73\xbc\x34\x8a\x84\xe0\x5a\x07\x26\xab\xc6"
	"\x70\x71\x3b\x9a\x43\x35\x33\xd1\xf3\xe7\xe5\xf1\x38\xde\xe8\xb9"
	"\xce\xb5\xde\x8d\x84\x92\x34\x4b\xd6\x3d\x56\x6d\x02\xe3\x77\x79"
	"\xc6\x6e\xbd\x43\x33\x97\xcf\xdd\x51\x21\x6b\x26\x3b\xf9\xf6\xac"
	"\x34\xeb\x2c\xd7\xdb\x61\x1d\x62\x79\xe5\xef\x73\x88\x0e\xe6\x08"
	"\x77\xb6\x40\xb3\x89\x92\x35\xb7\xba\xc7\x22\x14\x39\x59\xd3\x3e"
	"\x26\xc2\xdb\x8a\x2c\xd4\x1a\x71\xc2\x68\x9d\x94\xc2\xd5\x79\x33"
	"\x9f\x2b\xb2\x2d\x24\x4f\x74\xfe\x80\x15\x81\x07\x5f\x85\xfe\x80"
	"\xa2\x6a\x17\x84\x41\x52\x27\x35\xd1\x4c\x6b\xbc\xa5\xaf\x91\xe4"
	"\x42\x4d\x5b\x46\x9a\xb1\x76\xcb\x66\xe3\x5d\x88\x09\xd7\xea\xa2"
	"\x9b\xaa\x92\x8f\xee\xe6\xf8\x76\xbc\x9c\x1e\x17\x1c\x5c\xa4\x0f"
	"\xcf\x47\xae\x0d\xee\x39\xdd\xdd\xa4\x00\xfe\x3c\xac\xe6\x9b\x1c"
	"\xdc\xcc\xaa\x28\x75\xe4\xb7\xd0\x23\x4a\xd6\xb5\xfb\x25\x9d\xa0"
	"\xe5\xf2\x52\x30\x4d\xd1\xc4\x78\x70\x28\xcd\xd9\x92\x5b\x6c\xb6"
	"\xb2\xfe\x0e\x6a\xf2\x01\xe7\xb5\x65\x5d\x9d\xb7\xd2\x09\x37\x69"
	"\x60\x08\x0a\xdd\x32\x9c\x12\xd9\xf1\xf5\x7c\x3d\xbe\x5f\xce\x8f"
	"\x12\xc9\xd7\x87\x00\x27\x5c\x0f\x2a\x8e\xb6\x00\x88\x0d\xb9\x41"
	"\xd5\xc1\xc9\xdd\xad\x97\xc8\xb4\xb4\x07\xb6\x2d\x54\x44\x67\x32"
	"\x7d\x5d\x47\xdd\x94\xf7\xd7\x8f\x67\x49\x2b\x52\x26\x0b\x0a\x82"
	"\x37\x14\x80\x2c\x29\xe7\xfd\x1a\xe6\x22\xd8\x86\xdb\x6d\x67\x48"
	"\x62\xa8\x9a\xb0\xde\x73\xc7\xfd\xc2\x1b\xf3\x9f\xd3\xe5\xfa\xf9"
	"\xf0\xd2\xb8\x0d\x23\x6d\xab\x76\x4c\xd2\x1e\x37\x70\xc7\x0f\x6b"
	"\x63\x39\x66\x4c\x04\x06\x5a\xb5\x39\x4d\x17\xb2\x2f\x71\x17\xbf"
	"\xd0\xaf\x8f\xeb\xf1\x75\x91\xb0\x4d\xf0\xe7\xe9\xfd\xd7\xc5\x07"
	"\xdc\x69\xfd\xc5\x18\xfc\x66\x35\x52\x27\xd8\x78\x7d\x39\x3f\xb3"
	"\x62\xc8\xf9\xf2\x24\x42\xeb\xcb\xf9\xe1\xe9\xf1\xfc\x3a\xc0\x6e"
	"\x92\x02\x64\x09\xc8\x5c\x42\xf3\xf5\x38\x1c\x40\x99\xfe\xfb\x96"
	"\x30\xe6\xee\x7c\x61\x0b\xbf\xe4\x15\xa7\xff\x22\xa5\xac\xfc\x8e"
	"\xf5\x1b\x7b\xf3\xf0\xd5\xbd\x17\xe7\x61\xdf\x6e\xbd\xd4\xab\xb4"
	"\x67\x87\xd6\x72\x48\x98\x0a\x3c\xc6\x56\xd2\x34\x2b\xe8\xd8\xc9"
	"\xbb\x3c\xbd\x9c\xde\xfe\xc1\xbe\xb3\x36\xbe\x65\xfb\x89\xdc\x88"
	"\x37\x25\xa0\xbe\x0f\x32\xff\x4e\x76\x61\x52\xe6\x2e\x0f\x10\xc3"
	"\x2b\xf4\xff\xb9\x3e\x32\xb1\xa4\x89\xd2\x20\xb1\xdf\xa9\xc9\xd9"
	"\xb6\xe4\x56\xa8\xbb\x53\x43\x03\x77\x5b\x53\x38\xc4\xc8\xd0\x4d"
	"\x13\x6d\x93\x44\xfb\xd9\x00\x59\x6e\xaf\x96\xba\x33\x55\x39\x25"
	"\xa6\xa9\x68\x78\xdd\xad\x6b\xc0\x6d\x48\x08\x9b\xda\xfd\x14\xad"
	"\x70\xf2\x20\x61\x30\x58\x1b\x36\xa9\x68\x90\xd5\x15\xa2\x57\x36"
	"\x4d\x3d\x15\xcd\x9c\x1e\x03\x84\xfd\x57\x87\x20\x59\x73\x3b\xfc"
	"\x7e\xd5\xb7\xd2\x0a\x89\x1e\xd0\xa3\x00\xab\x8e\x24\xa6\x05\x91"
	"\x5a\x60\x02\x61\xbd\x7d\x31\x72\xf1\xbd\xcd\x95\x9c\xef\xb5\x2d"
	"\x10\xd0\xb1\x59\x70\xef\x99\xde\x86\x55\x93\xf2\xd7\x53\x08\xee"
	"\xd3\x91\x68\x7d\x12\xda\x86\x0d\x12\xab\x63\xc5\x2d\x79\x9b\x54"
	"\xe7\xf1\xf1\xf8\x72\xbc\x9c\x5f\x8f\xd7\x01\xff\x39\x6c\xc9\x51"
	"\x2d\x0d\xd1\x94\xb4\xe8\x0a\x41\xcb\x48\x37\x4c\x34\xe2\x6e\x8b"
	"\x63\x96\x52\x6b\xe2\xa8\x88\x11\x3d\x83\x34\x0d\x83\x5c\xd5\x54"
	"\x6a\x57\x69\xf9\x81\xd3\xc1\x4c\xf3\x3d\x47\x47\xb4\x73\xec\x30"
	"\x9a\x79\x88\xe0\x5c\x63\x2b\x1c\x43\x94\x39\x7c\x10\xd9\x21\xba"
	"\xf2\xdd\xba\xb5\xb8\xe5\x31\x1f\xb5\xbc\xa1\xd2\x9d\x32\x1c\x30"
	"\x48\x87\x81\xaa\x75\x0a\x67\x5d\xdd\xe1\x5d\x43\x76\x25\xf5\xe4"
	"\xcd\xdf\x95\xee\x8f\x9d\xaa\x20\x99\x6c\x88\xab\x6b\x3a\x66\x2a"
	"\xe6\x2c\x0d\x13\x1f\xfa\x16\xc7\x8d\xe4\x9c\xa5\x65\xa1\x75\xdb"
	"\x06\x62\xec\xc3\xb0\x95\x69\xaa\x13\x18\xf2\x29\xa5\x6b\x28\xc8"
	"\x25\x02\xc3\x2c\x0d\x09\x8e\x42\x5d\x47\x47\xd3\x0e\xe4\x3b\x5b"
	"\xc7\x32\x38\x32\x6c\xed\x98\xe3\xd8\x08\xce\xdb\x03\xdb\x7e\x17"
	"\xd7\xf3\xe2\xe9\xf4\x7c\xba\x32\x61\x81\xed\x0f\x6c\x53\x18\xcf"
	"\xcb\xa5\x66\x59\xc8\xb4\x5a\x6a\x2b\x15\x87\x6c\x0c\x32\x96\x68"
	"\x85\x4b\xfc\x5d\x4b\xfc\x5d\x4b\xe4\xfe\x87\x41\xb6\xbd\xc4\xa0"
	"\x95\x86\x3e\xb5\x42\x8c\x7d\x5c\x57\x65\xa3\xa0\xc2\x36\x29\x3b"
	"\xe1\x81\xb2\x13\x30\x61\x6b\x8b\xf7\x7e\x94\xa4\x6d\xca\xf0\x04"
	"\x8b\xec\x67\x1b\x88\xca\x7a\x5b\x62\xb1\xda\x21\xe5\x6b\x59\x0e"
	"\x1b\x73\xb3\xcc\xc8\x5d\xcd\x40\xd2\x96\x72\x0c\x51\x2e\x70\x0c"
	"\x71\xbc\x62\x7b\xbb\x8a\x5d\xe5\x01\xa6\x62\xae\xc1\x35\x68\xa3"
	"\x18\x76\x17\x0c\x5a\x10\x0b\xf9\x7e\xe2\xa6\xba\x86\x04\x9f\x00"
	"\xcc\x40\x2e\xc5\x63\xa7\x58\x62\x6a\xfb\x5a\x36\x61\x3b\x3f\xd6"
	"\xab\xd4\xe3\x42\x12\x49\xbc\x09\xdb\x36\x7e\xc0\x77\x15\x5b\x75"
	"\x27\x61\xe4\xba\xa9\x85\x0d\xaa\x20\xb6\x84\x35\x85\xaa\xa9\xba"
	"\x3d\x85\x2b\x36\x55\x15\x6d\xb2\x06\x9b\x2a\xe6\x24\x85\xa5\x52"
	"\x0b\xb1\x1b\xe0\x14\xec\x0d\xaa\x39\x01\x2f\x57\x48\xdc\xa3\x1a"
	"\xb6\x2d\xdb\x96\x0b\x57\x8d\x4f\xe8\x60\x3a\x31\x20\x8f\x5c\xc3"
	"\x44\x22\x9e\x34\x37\xee\x8c\x6d\x90\xe1\x6b\x3d\x4a\xf1\x01\xde"
	"\x07\x96\xaa\x0c\x27\x55\x7f\xcd\x0c\x2e\xe7\xb7\xeb\xc2\x7f\x7b"
	"\x12\x16\x4a\xd8\xfe\x32\x9f\xad\xd3\x12\xbf\x4a\xe7\xf5\xfd\x85"
	"\x1d\x81\x46\x4b\xab\xad\x8b\xcb\x5d\x8d\xfe\x3c\xbe\x72\x7f\xdb"
	"\xfa\xaa\x44\x7c\x24\x8f\x1c\xf0\x6b\x6a\x2e\x47\x10\xb9\xc4\xb7"
	"\x10\xb9\xc3\x75\xa9\x8d\xad\x25\xce\x1d\x1a\x0b\x6a\xff\x87\xbd"
	"\x1a\x1b\x36\x6e\x4f\x4f\xed\x6d\x0e\xfb\xf6\x46\xf1\xd9\x1e\xa3"
	"\x28\x4d\x5b\xb0\x03\x84\xae\x62\x04\xcd\x47\x0c\x82\x34\x8a\xd2"
	"\x44\x4d\x42\x61\x7f\x1f\x49\x1a\x2d\x56\xe7\x16\x94\x63\xf0\x4d"
	"\x5d\xe2\xc1\xf3\xe7\xdb\xb5\x77\xd4\xf3\x9a\x8d\x8f\xed\x81\x0f"
	"\xf5\xc8\x62\x5b\xa0\xa9\x20\xb7\x2e\x0c\xd2\x11\xe9\x01\x20\x1b"
	"\x85\x0c\x4d\x45\x21\xc3\xc2\x21\x4c\x00\x36\xcd\x95\x96\xe1\x98"
	"\x8e\x63\x0a\xfa\x65\x96\x66\x64\xa8\xe0\x04\x9b\x84\x85\xac\x5f"
	"\xf0\xac\x6d\xa1\x8f\x02\xbc\xb2\x26\xa4\x75\x73\x89\x48\x41\x1c"
	"\xb2\x51\xc8\x52\x71\x08\xfd\xca\x09\xb1\x42\x57\x30\x01\xc1\xc6"
	"\x12\x7e\x7b\x69\x92\x83\xb5\xb4\x1c\xa4\x06\x96\x08\x88\x58\x9a"
	"\x8e\xf4\x26\xdb\x01\x4d\x15\xdd\x71\x4d\x5b\x43\x37\x47\x63\x89"
	"\xe8\xd6\x01\x5b\x69\xe8\xb2\xcf\xda\xaf\xd8\xda\xd0\xda\x7b\x40"
	"\x61\x9a\x88\x68\x51\xaf\x9f\x83\x3e\xa8\xad\x05\xd9\x32\xf1\xf4"
	"\xf9\xfa\xfa\xd5\xe8\x3a\x46\x6b\x42\x9d\xee\xc2\x2b\x08\x19\x87"
	"\x22\x08\x2e\xc7\xff\xf9\x3c\xbe\x3d\x7e\x2d\xe8\xd7\xdb\xf5\xe7"
	"\xf1\xe3\xf4\x7f\x60\x1d\xed\x79\xf4\xdf\x69\x14\x75\x79\x84\xb9"
	"\xaa\x9c\xab\x54\x1f\xae\xe7\xcb\xbf\xbd\xd3\xc7\xf5\x72\xfa\xf3"
	"\x13\xee\xf6\xc4\x39\xbd\x1a\xd8\xb1\xd5\x36\x1a\x3f\x1f\x3e\x8e"
	"\xbf\x45\xac\x8e\xe3\xd3\x22\x3a\x9f\xdf\x17\xbf\xb0\xca\x7f\x5d"
	"\xfc\xd5\xbd\xfc\xa3\xf7\x72\xb1\xc2\xc0\xd0\x25\x72\x76\xbb\xc8"
	"\x3c\x7f\x5d\xce\x1f\x8f\xe7\xf7\x23\x83\xc6\xcb\x3a\x3f\xde\x2a"
	"\xe8\x72\x01\x28\x66\xcc\xd5\xa2\xd6\xd4\xc1\x19\x5d\xa3\xca\x8c"
	"\x1a\x26\x76\xbe\xdd\xa8\xd8\xc9\x28\x2d\x74\xc5\x54\xd0\x29\xdc"
	"\x2c\xc2\x9b\xfb\x2c\xa9\x4f\x81\x72\xaa\x7c\xa3\x0f\x02\x50\xd6"
	"\x1b\xcb\xf1\xe1\xe5\xfa\xb3\xb7\xfd\xb5\xa5\x97\xeb\x22\x7b\xb8"
	"\x1e\x17\xe4\xfc\x76\xba\x0e\xbb\x30\xf0\x0d\x03\x9b\xaf\x1c\x33"
	"\xb0\x29\xa4\x2b\x13\x42\x2b\x80\x63\x5b\x9e\xed\xe7\xeb\xe9\xe9"
	"\x74\xfd\x92\x0e\x26\xd1\x74\x44\x22\xf2\xb6\x39\xb2\xfd\x6e\x41"
	"\x5a\x43\x44\xd9\x6d\x4e\x35\x64\x92\x6f\xf3\x02\x41\x68\xb8\xc4"
	"\xce\x99\x00\x69\xe3\x6e\x0f\xd9\x9c\xb9\x82\xf3\xc1\xeb\xf1\xe1"
	"\xe3\xf3\x72\x84\xb4\xc6\x8b\x4f\xd6\xd3\x12\x56\x35\x94\x29\x66"
	"\x34\x50\x65\x4a\xc8\x38\x0a\xe5\x9a\x06\xc6\xb6\x8d\x1d\x29\x2d"
	"\xec\x1c\xb4\x07\x96\xb4\x80\x25\xb1\xa7\x1b\x96\x8c\x28\xb1\x3c"
	"\x2a\xf1\xd2\x38\x3d\xff\xbc\xca\xa7\xe6\x0f\xaf\xa2\x98\xba\xc6"
	"\x89\x74\xc8\x49\x26\xc7\x52\x8f\xae\x30\x17\x39\x0e\x62\x49\x9b"
	"\xd6\x5b\x15\xcb\x77\x05\x10\x26\xdc\x11\x5d\x53\x11\x6b\x3e\xc0"
	"\x90\xed\x85\x41\x3a\x72\x10\x66\x90\x85\xf0\x10\x40\x16\xa2\xff"
	"\xd8\xa4\x9a\x93\x32\x0e\x73\x14\x05\xc9\x55\xd8\x0a\x75\x34\xd2"
	"\x56\x0a\x72\x28\x14\x89\x10\x07\x35\x0e\xaa\xc8\x2e\xf7\x83\x3a"
	"\xec\x84\x84\x58\x67\xa5\x99\x82\x3a\x6a\xe5\x19\xea\x63\xb5\x67"
	"\xcb\x81\x81\xe4\x6f\x60\xab\x05\x5b\x66\x90\x01\x4f\xd2\x9c\xf1"
	"\x82\x8a\x9c\x39\x55\x4d\x53\x50\x98\x86\xaa\x8a\x25\x2c\x66\x90"
	"\x61\x62\x9a\x1f\x5d\xc7\x52\x5a\xe5\x55\xb1\x0f\x29\xd2\x6f\xb9"
	"\x4b\x75\x03\xb1\x16\xe0\x18\x62\xb4\xde\x8e\x58\xce\x06\x05\x33"
	"\xdb\xe6\x98\x8d\x63\x4b\xa4\x6e\x86\x19\xa6\x8e\xc5\xf2\x31\x55"
	"\x5b\x93\x3b\xc8\xee\xdd\x38\x42\xc7\x64\xef\x13\x76\x18\x44\xac"
	"\x19\xf6\x91\x85\x29\x85\xff\x60\x83\xa9\x0d\x54\xd5\xb5\xb1\xcb"
	"\xc3\xf3\xdb\xf1\x5a\x6b\xb7\xa5\x8b\xc9\x0e\x4d\xb1\xc6\x21\x44"
	"\xea\xdd\x29\xab\x15\xb2\x00\x35\x4a\x68\xe2\x6c\xe2\x89\x75\xf5"
	"\x46\x83\xea\x41\x9d\x8d\xae\xe2\xae\xc2\xba\xa9\x19\xca\xd4\xba"
	"\xca\x2b\xc7\xb7\xfa\x96\x35\xb6\xc4\x35\x6d\x63\x22\x37\xe5\x80"
	"\x6e\xd0\xdc\xba\x93\x3f\x5f\xae\xa7\xf7\x97\xe3\x3f\x03\x09\x0c"
	"\x5a\x42\x8a\x52\xb2\xaf\x3d\xbe\x9c\xde\x46\x83\xc2\xb1\xd6\xcb"
	"\x6d\xf1\xdb\xe2\xe3\xfa\xf0\xf6\xc4\x4e\x81\x6f\xc7\x61\xa5\xdb"
	"\xac\xb6\x49\x68\xee\x32\xd0\x6e\xe0\x11\x17\xb2\x22\xcd\x67\x29"
	"\x73\xf0\x3e\x8b\x92\x24\x9d\xa5\xe4\x5e\x3e\x32\x2a\x41\xb8\x7c"
	"\x3f\x5f\xd9\x66\x7d\x92\x5e\xab\x98\x58\xfc\x20\x8f\xaa\xb6\x82"
	"\x2a\xdd\x4c\x03\xd9\x4a\x6a\x6c\x89\x9e\x2b\xb0\xf5\x1c\x30\x55"
	"\xc7\xcf\x2a\xd8\xec\xce\xd3\x48\x2a\x82\x0d\xbf\x9d\x8d\x9f\x28"
	"\xa9\x44\x24\x5d\xa9\x8a\x44\xbe\x4c\x2f\xc7\x0f\x10\x70\xa4\x33"
	"\x74\x9d\x2a\x96\x42\x64\xf7\x7d\x6b\x92\x6a\x76\xcf\x97\xa3\xfe"
	"\x5f\xd4\x4c\x34\x65\xb5\x46\xe2\x26\xa5\xa5\x58\x3f\xa7\x91\xaa"
	"\x4e\x5c\x5e\xd4\x30\x3a\x67\xd3\x88\xcd\x59\xe4\x84\x47\x4d\x54"
	"\x6b\xca\x20\x24\x27\x67\x33\x99\xf1\xe4\x6b\xb9\x89\xc9\xd8\xdb"
	"\x54\x53\x2c\xf9\x67\xfc\x91\x3a\x4c\xf8\xb0\xe4\x32\xd7\x1b\x84"
	"\x37\x97\x0d\x04\xd5\x57\xa2\x42\xbc\x19\xbb\xf3\x3f\xa7\x57\x90"
	"\xbc\xc1\xaa\xff\xe9\x04\xb3\xf6\x51\x3a\x92\x5c\x34\x40\xf7\xf1"
	"\xd0\x73\x32\xc8\xb9\xe2\x57\x7b\x44\x40\x08\xbc\xe5\xd2\x40\x94"
	"\xa7\x34\x0b\xb0\xbc\xe6\x25\x7b\xa7\x82\x3e\x64\x23\x5b\x8d\xa9"
	"\x47\xca\x28\x4d\x77\x63\xe8\xf2\x71\x7e\x01\xe7\xe1\x6f\xdc\xd4"
	"\x68\x54\x95\x9d\xa7\xf2\xe3\xeb\x3b\x1c\x87\x11\x96\x67\x13\x3a"
	"\x24\x15\x0f\x21\x99\xb8\x49\x81\xa5\x3c\x24\x51\xb9\x52\x2c\x44"
	"\x2c\xa8\x41\x4c\x9d\x4d\x52\x05\xb9\xd2\xe4\xd0\x12\xd9\xf1\xef"
	"\x29\x32\x7a\x1c\x42\x36\xfc\x38\x97\x5f\xa9\xef\x89\x3f\x0c\xdb"
	"\xd2\x85\x56\x21\xfd\xf0\x2c\xa4\xf3\xac\xec\x05\x67\x21\xdc\x3a"
	"\x3b\xc8\x89\xfc\xf9\xd6\xb8\xae\x75\x7f\x16\x9e\xe4\x3e\xf5\x52"
	"\xc7\x79\x40\xf3\xd0\x77\xfb\x21\xd4\x9b\xb2\x6d\x56\x3b\xd4\x0b"
	"\xa5\xec\x67\xdf\x7b\x95\x17\x1e\xa2\x01\xd5\x01\xae\x77\xbb\x70"
	"\xf5\x61\x76\xb7\x78\xfc\x79\x7a\x1f\xa7\x4d\x62\x08\x04\x56\x17"
	"\xad\xf8\x36\xfd\xa0\xe7\x4d\x01\x30\x48\x15\x67\xbf\xab\xa2\x3d"
	"\xd7\xf0\x71\x56\xd0\x37\xd5\xbe\xcd\xc3\xd4\x71\x77\x68\xc4\x1c"
	"\xb6\xd2\xf8\x79\x1b\x13\x32\x42\x36\xc2\x40\x92\xf5\x23\xdd\xde"
	"\x2f\xe8\xe7\x9f\x1f\xdc\xd8\xe8\xf6\x55\x4d\xe8\xa5\x26\x20\xe5"
	"\x4d\x04\x72\x49\xb5\x4b\x62\x87\x07\xdf\x04\x50\x2e\x87\x6f\xef"
	"\xdb\xd0\x2e\x55\x9e\x64\x19\xe6\x41\x0d\x74\x69\xe9\x54\x9a\x1d"
	"\x13\x1e\x88\x73\x9e\x0a\xde\x2b\xe3\x00\x78\x23\xbf\x35\x14\xb2"
	"\x34\x41\x31\xeb\x64\x1e\xbf\xac\x22\x1e\xb1\x2c\x45\x11\x51\x8f"
	"\xd8\x90\xce\x46\x78\x8a\x8f\x4b\x1b\x5e\x53\x88\xc8\xc9\x11\x68"
	"\x82\x60\x7f\x9f\x86\xa9\xaf\x0b\xb1\x36\x0d\x49\xac\x4d\x9e\xd8"
	"\x70\x90\x68\xa8\xb7\x71\x8f\x0d\xb0\xd2\xe3\x05\xdc\x9c\xf8\xba"
	"\xfc\x5a\x6b\x6a\x64\xd6\xde\xc0\x5d\x2e\x44\xf7\x21\x05\x6a\xfa"
	"\xe7\xba\xb2\xf0\x2c\x80\xa4\xa2\x31\x61\x26\xc9\x9f\xe1\xbc\x3d"
	"\x5d\xce\xa7\x27\xe1\x9d\xb1\x97\x25\x48\xec\x29\xcf\x91\xf9\x1f"
	"\x0b\x3e\xd9\xdb\xc3\xe2\x7a\x79\x78\xe4\x3b\x96\xcc\x7c\x9d\x4c"
	"\xb8\x6e\x20\x01\xc6\x82\x14\x89\x97\x1b\x20\xc1\xcf\x73\x5f\xe6"
	"\x0d\x93\xb2\x25\x28\x15\x22\xd5\xd0\x10\xb1\x5a\xa5\x51\x48\x06"
	"\xb3\xb1\xd6\xaf\x9e\x5e\xd8\xf6\xc0\xa7\x53\xdf\x35\xc6\x75\xdc"
	"\xad\x5f\x1d\x92\xcc\x6b\x3c\xf8\x6f\x0c\xc3\x04\xd3\x50\xf4\xd8"
	"\xf0\xcb\x5c\xab\xc4\xb5\xb3\x29\xaa\x4a\x27\xcf\x33\xb9\xd9\x96"
	"\x3e\x7e\x04\x8a\x2a\x08\x4e\x56\xb2\xb7\x46\x98\x3d\x18\xa7\xa2"
	"\xbe\x5b\x64\xf2\x88\x0c\x8c\xc4\x18\xd7\x6d\x7c\xab\x6e\x03\xab"
	"\x5b\x24\x62\x6b\x45\x76\x8f\x07\xf5\xe6\x34\x98\x01\xd9\x8f\xb5"
	"\xa7\xf5\xdb\x06\xff\xa3\xc4\x10\xb1\x70\xcd\x07\x43\xe0\x7b\x3f"
	"\xa4\x7e\x06\x61\xfa\xe4\xcb\xeb\x0f\x1c\x2a\x71\x68\x13\xd0\xff"
	"\x6f\xec\xc8\x96\x1b\xc7\x71\xbf\x92\xea\xa7\xdd\xaa\x9d\xee\xd8"
	"\x71\xe7\x78\xe8\x07\x5a\xa2\x2c\xb5\x75\x85\x92\xec\x24\x2f\xaa"
	"\x4c\xda\xd3\x49\xed\x24\xe9\xca\x51\xdb\xf3\xf7\x0b\x90\x92\xcc"
	"\x0b\x74\xaa\x66\x2a\x6d\x00\xe2\x09\x82\x20\x08\x02\x73\x0a\x57"
	"\x45\x01\xe4\xb2\x0d\xb4\xa5\xcc\xf2\xc0\xa7\xc9\xdc\xf9\x72\xdf"
	"\xf3\x69\xb6\x74\x56\x43\x1f\x6a\x7b\x72\x15\x6c\x88\x7f\x56\xd5"
	"\xde\xe2\x32\xf4\x9b\x06\x7c\x56\xae\xb4\xf8\x5b\x20\x1a\xf0\x36"
	"\xff\xda\xc6\x6b\x0b\x92\x98\xec\x09\x5f\x56\x6d\x96\x68\x52\x37"
	"\xb6\x01\x99\x02\xc8\xa0\x2b\xda\x32\x62\x13\xdd\xbe\xb2\x01\x36"
	"\xac\x39\xf4\xbc\x2b\xb2\x06\xd6\x74\xe9\xeb\xd2\x65\x57\xb5\x4c"
	"\xff\x5c\x02\x30\x18\x87\x74\x24\x96\xe7\xd2\x84\x45\x5e\xc1\x81"
	"\x71\x02\x07\xfa\x2d\x13\xa5\xd5\x69\x85\xa0\x78\x52\x61\x5b\xc1"
	"\x0d\x9e\xbc\x4c\x8a\xb6\xdf\xf8\x1e\x05\x2a\x8c\x16\xcb\x52\x16"
	"\x10\xb5\xda\xb4\xb2\xae\xad\x92\x66\x61\x44\x45\x55\xb0\xde\x0c"
	"\xe0\x98\xc0\x20\x92\x3c\xba\xe1\x22\x67\xd7\x16\x5a\xc9\xea\xdb"
	"\xbb\x7b\x33\x8f\x52\xd2\xc8\x55\xe5\x52\xc6\x7f\x88\xaa\xf8\x12"
	"\x6f\x62\x29\x1a\xf7\x92\x51\x3b\x61\x54\x17\xb0\x33\x53\xad\xe8"
	"\xe2\xc4\xd7\x82\xb8\x6a\xbe\x24\xac\xfd\x02\xba\x85\x59\xee\x34"
	"\xf5\xad\x11\x58\xb4\x68\xe0\x0b\x03\xb2\xb1\x49\xf0\xf7\xe8\x9c"
	"\x1f\x55\x31\xaf\x31\xa4\xe9\xe2\xe4\xcc\x87\xcf\x2a\xf4\x40\xc7"
	"\x48\xab\x9f\x1e\x5e\x9f\xcf\xcf\xbf\x5e\xfc\x31\xfb\xa4\x33\xde"
	"\x9e\xb4\x6b\x93\x73\x42\xc7\x76\xd6\xaa\xda\xf9\x5f\x77\xef\x3f"
	"\x9e\x8f\xfe\xf2\x75\x4b\xba\xd6\xeb\x8d\x96\x00\x50\xb5\x8d\xe9"
	"\x97\x40\x6c\x3e\xe6\x5c\xcc\x60\x3d\x1a\x6a\x38\x22\x65\x32\x26"
	"\xd0\xcc\x3c\xec\xb5\xe6\xa2\xd4\x6b\xb0\x22\xa4\xc0\x59\xc3\xf9"
	"\xe9\x93\x2c\x0a\x21\xf7\x2b\x6d\x16\x78\x91\xc4\xa0\xdf\x72\xd6"
	"\x1a\xcf\xbf\xc6\x28\xa9\xfa\x84\x65\x8d\x7a\x37\x88\xe1\x60\x78"
	"\x61\x48\xa8\x4a\x60\x80\x36\x5a\x46\xb2\x38\x80\x4b\x68\x1c\x97"
	"\x82\x89\xc2\xa6\xf4\x87\x80\x92\x6f\x63\x28\x81\x1e\x68\xeb\x32"
	"\xd0\x1c\x4a\x96\x7f\x4f\xd4\x16\xb0\x1f\xad\x11\x32\xc4\x55\x3f"
	"\x76\xe0\x5b\xd8\x80\xb9\xeb\x44\xbd\xc7\x03\x0e\x03\xaf\x83\xb4"
	"\x24\x2b\x6c\xba\xa2\x60\xba\x0f\xf8\xf4\xb5\x35\xcd\x13\xdc\xc3"
	"\x17\x13\x6e\xd4\x0a\x6c\x14\xc6\x53\x45\xcb\x09\x48\xe9\x21\xd1"
	"\x87\xd3\xcf\x1b\x23\x22\x91\x82\xe5\x37\x95\x0d\x92\x06\x47\x07"
	"\xd8\x2d\xb3\xd2\x1d\x82\x08\x53\x32\xf6\xa5\x95\xb8\xc3\x43\x52"
	"\x63\xde\x04\xd5\x6c\x6f\x11\xf8\x00\x8a\x50\x22\xf6\x44\x09\xdb"
	"\x54\x9d\x80\x26\xfb\x62\xc6\x2e\xb3\x71\x29\xec\x85\xe0\x00\x03"
	"\xce\xde\x60\x86\x87\x58\x8d\x52\xe0\x6b\x73\x3c\x26\xe8\x30\x72"
	"\x56\xc1\x0c\x07\x6a\x7c\x50\x15\x2a\x74\x9c\x67\xb7\x61\xc1\x4d"
	"\x7d\xa2\x72\xe7\x3c\x12\xac\xd0\x19\x59\xfd\x56\xaa\x87\x15\x6c"
	"\x69\x40\x59\xa1\xcb\xf6\x1a\xf9\x65\xc7\x9a\x94\x58\x4a\x9b\x80"
	"\x9e\x56\x64\x25\x30\x29\xb5\x09\x16\x81\x55\x5f\xd3\xb8\xcb\xf2"
	"\x6a\x11\xc4\x9e\xd2\x58\x11\xaa\xb4\xc6\xd0\xc7\x7e\x0e\x03\x49"
	"\xb9\x21\xb7\xd1\x80\x44\xec\x28\x39\x03\xaa\x0f\x1c\x59\xd6\x96"
	"\x18\x1e\x91\x96\xc0\xc6\xdf\xba\x56\x22\x7f\x9f\xd8\xbf\x4d\x61"
	"\x20\x61\x0b\x7d\x92\x11\xd2\x6c\x89\x73\xb2\x22\xef\xbd\x91\x12"
	"\x30\xb7\x6e\x69\xae\x1a\x24\x47\xfd\x46\xf9\xe9\x83\x22\xe9\xed"
	"\xe3\x40\x84\xdb\x1e\x1c\x30\xe3\xd2\x2e\xc2\x17\x46\x6d\x25\x40"
	"\x0f\x44\x75\x32\xab\xb4\x1c\xbd\x92\x67\xad\x9f\xaa\x7b\x5a\x5d"
	"\xd0\x7f\x37\xca\x1a\x22\xec\x54\xd4\x4d\x57\x8a\x3a\xb2\x7f\xf7"
	"\xab\xc6\x68\xe0\x00\xa5\xdf\xfe\x45\xbc\x4e\xa9\x99\x8f\x32\x0a"
	"\x51\xc5\x8c\xde\x40\x29\x6e\xd1\x43\x3b\xc0\x8f\x51\x03\x32\x54"
	"\x24\x0d\x3d\xea\x58\x3d\xe8\x58\xc6\x98\xeb\xb8\x33\xc2\xc6\x6e"
	"\x12\x11\x57\x7e\x06\xd1\x39\xe1\x0b\x60\x11\xcd\x3f\x42\xf4\xa1"
	"\xea\x3e\xd0\x70\x2a\xc8\xa8\x45\x34\xfb\x08\xd1\x47\x1a\x4e\x5c"
	"\x27\x5b\x44\x8b\x8f\x10\x7d\x64\x08\x88\x57\x08\x16\xd1\xc5\x61"
	"\xa2\x8b\x93\x0f\x94\x74\xf1\x91\x09\xbe\x38\xf9\xc0\x38\x5d\x2c"
	"\x3e\xd0\xa6\xf3\x33\x7a\x9c\xe0\x4c\x83\x0c\xdf\x9f\x1f\x2e\x66"
	"\x36\xff\x48\xb3\x81\x8a\x66\x02\xd6\x44\x59\xe6\x5f\x90\x53\x4b"
	"\x66\xf6\x0a\x1b\x11\xf3\x83\x9d\x38\x39\x48\x71\x78\x20\xbe\x1e"
	"\xa4\x38\x3d\x48\x71\x76\x90\xe2\xe2\x20\xc5\xec\x70\x67\x66\x87"
	"\x7b\x33\xa3\xbb\xb3\xae\xb2\xf3\x5e\x84\xd1\x1d\x89\xc6\xd8\x2f"
	"\xb0\xfb\x13\x81\xd8\x47\x8a\x88\xe7\x2d\x61\x2d\xdf\x93\x94\x2d"
	"\xef\x88\x1c\x8c\x13\x91\xa8\x40\xf3\x3b\x54\xd9\xb5\xc8\xf2\xfc"
	"\x40\x75\x2b\xc6\x0f\x92\x08\x4e\xa4\x50\x1e\x29\xb2\x08\xb3\xa7"
	"\xc5\x61\x9a\xb2\xcb\xda\xc3\xc3\x77\xa8\x53\x6d\x27\xd6\x54\x18"
	"\x14\xa4\x21\xcf\xec\x71\x5e\xb8\xc1\xf5\x76\x77\xef\x2f\x78\x97"
	"\xea\xc4\xbe\xc1\x14\x9d\xc6\xd1\x9b\x8b\x26\x03\x35\xaa\x6c\x11"
	"\x25\xb2\x72\x45\x9c\x09\x87\x6f\xfd\xa7\x42\xa5\x69\xc3\x19\x80"
	"\x24\x01\x44\x1f\xa7\x70\x7a\xe2\x82\xb5\xb6\xb5\x4b\xf3\x12\x51"
	"\xca\x78\x1f\x17\xbc\x91\x77\x48\xad\xc8\x22\x9f\xfe\xaf\xa9\xed"
	"\xce\xd7\xc9\x81\xc2\x07\x1d\x32\x4c\x54\xb3\xd6\x17\x04\x41\x46"
	"\x8c\x49\x99\x88\x79\x09\xdd\x45\x7b\x5f\x54\xd5\xd7\x3d\x06\xd9"
	"\x89\x98\x65\xd6\x70\xc8\xfc\xf6\x51\x50\xbb\xd0\x20\xd8\xc0\xf1"
	"\x8b\xc8\x3c\xd0\xb4\x30\x66\x91\x2c\x06\xcf\x6a\x29\xcf\x6b\xe2"
	"\x42\x6d\x6a\x7e\x53\x50\x6f\xbd\x27\x92\xb6\x2a\xaa\xeb\x2a\x4c"
	"\xc3\xea\x9a\x41\x9d\x07\x2a\xcb\x2b\x16\xd7\x44\x3e\xda\x89\xe8"
	"\x9a\x99\xe1\x9b\xb4\x4b\x94\x95\x3d\x93\x13\x10\xce\xae\xab\x92"
	"\xd9\xa9\xfd\x1c\x2a\xcc\x4b\x63\x24\xbf\xc8\x88\x50\x51\x7c\xe3"
	"\xbb\xe8\x1d\xed\x62\x7b\xf6\x63\x9a\x96\x6b\x63\xbf\x7d\xfa\xb4"
	"\x3f\x1a\x02\xdb\x57\x53\x84\xa0\x97\x7f\x7e\xbd\x3d\x1f\xdd\x3d"
	"\xbf\xec\x8e\x9e\x5f\x8e\xee\x77\x7f\xff\xd2\x13\x99\x2b\x62\x60"
	"\x95\x95\x11\x3a\xc4\x00\xcf\x5d\x38\x67\x5a\xe2\x27\x0d\xe8\x92"
	"\x2e\xf3\x75\x94\xd5\xa9\x11\x04\xc6\xc2\xb8\x1f\xa5\x70\x42\xf5"
	"\x02\x5d\x52\x51\xae\x9c\x96\x00\xcc\x4b\x38\x69\xda\x4e\xd3\xc9"
	"\x96\x30\xaa\xf5\xeb\xba\x9e\xfb\x80\x6e\xd9\x68\x82\xf0\x34\xa7"
	"\x61\xe6\xa1\x5d\x42\x63\xdf\xf2\x1e\x70\x3c\x8a\x53\xa7\x74\x10"
	"\xe2\x6c\xe5\x69\xde\x00\x9f\x7b\xea\xb0\x83\xb0\x7b\x3f\xc4\x98"
	"\x1c\x32\x92\x0b\x86\x9b\x69\x9c\xe2\x57\xc9\x6c\x7e\x5e\x74\xb9"
	"\xd3\x9e\xb2\xcb\xfd\x40\x5f\x4b\x6a\xf9\x97\x6e\x0b\x0a\xc4\xcb"
	"\x8e\x77\xdc\xa9\x5f\xfe\x89\x75\x0b\xfd\xd8\x7c\x85\xf1\x9f\xd6"
	"\x86\x09\xe9\xda\x94\x13\x41\xd5\x06\x12\x22\xc6\xce\x80\x6d\xb2"
	"\xc2\xe5\xfe\x21\xa2\xdf\x18\x79\xe0\xfd\xed\x1e\xfd\xc4\xee\x6e"
	"\xdf\x76\x3f\x8e\xf8\xd3\x1d\xae\x42\xd8\xf4\x8e\xfe\xf7\xf0\x76"
	"\x7f\xc4\x5e\x5f\x9f\xef\x1e\x24\x2a\xbe\x7d\xbb\x75\x56\x63\xa4"
	"\xe7\x9a\x1a\x47\x3c\x2a\x3c\xdd\x8d\x52\x06\xff\xcd\x8f\xeb\x2a"
	"\xbf\x26\xc3\xc5\x4e\xeb\x73\x95\x61\x2c\xcf\x8f\xd0\xe4\x07\x89"
	"\xe6\x5f\x4f\x43\x34\x20\x9e\xbb\xe6\x94\x8a\x91\xa5\xd1\xcc\xac"
	"\xa8\x05\xd6\x50\xf3\xcb\x6c\xe3\x8e\x35\xf4\x39\x2b\x25\x42\x05"
	"\x70\x91\xcf\x70\x1e\x9f\x7f\x98\x77\x2d\xe3\x18\x2d\x83\x73\x1d"
	"\x25\x4b\xba\xfe\xa8\x15\xbe\x51\x6f\x9b\xd0\x32\x5d\x7a\x3e\xc9"
	"\xc5\x96\xfe\xa4\x86\x26\x7a\xbe\xb9\x6a\x9b\x50\xc3\x41\x7b\xd9"
	"\x0a\xe6\x86\xe9\x4c\x6f\x5f\xef\xa7\xc1\xb0\x1a\x0e\x1b\xb0\x33"
	"\x9a\xa9\x02\x3a\xb5\x1f\x18\xb7\x4d\xe1\x79\x73\x15\x3f\xfc\xdc"
	"\xbd\xbe\xb9\xf5\x8a\xe8\x64\x1e\x79\x24\x80\x44\x04\x86\x5f\x44"
	"\xed\xec\x38\xce\x12\x57\x00\xc9\x2d\xc2\x6d\xf5\x47\x16\x42\x11"
	"\x2f\xc2\xe8\xaf\x01\xf1\x98\x01\xef\xf1\x1c\xff\x7a\xba\x23\x8a"
	"\xf8\xc0\x02\x43\x8a\xd3\xe3\x03\x14\x07\xd6\x16\x50\x9c\xcc\x43"
	"\x8b\x26\x65\x33\x67\x96\x01\x08\xc5\x7a\x46\x0c\x10\x5f\x89\x67"
	"\x0b\x7b\x8a\x93\x20\xbe\x08\xa2\xdb\x95\x98\x5d\x04\x2b\xd8\xd6"
	"\x56\x0b\xd4\x2a\x96\x89\x61\x5d\x26\x66\x66\x10\xd6\x3d\x94\x4a"
	"\xb0\x3e\x52\x94\xdd\x32\x0b\x2c\x5c\x26\xa2\x85\x67\x7c\x96\x79"
	"\xb5\xa5\x63\x41\x0e\x7c\xca\x30\xde\x63\xc6\xc2\x34\x4d\xfb\xf5"
	"\x10\x41\x70\xde\x63\x1e\x68\x7d\x22\xff\x7a\xda\xbf\x4e\xd9\x0d"
	"\x0b\x6e\x88\x0d\xcb\x1b\x16\x62\xa8\x71\x97\xf1\x71\x0f\xe7\xe1"
	"\xb2\xb9\xa8\x29\xc7\xb6\x89\x7d\x16\xe1\xbd\x38\x38\xac\x70\x6a"
	"\xb2\x67\x67\x8c\x8c\xf9\x0b\x3d\xaf\xd5\x4b\x4c\x7b\x20\x93\xdc"
	"\xbc\x59\x1d\x84\xb4\xbc\x0b\xb2\x6b\x38\x5f\x04\x99\x37\xbf\x59"
	"\x1c\x40\xa7\x41\x39\x7a\xd3\xb4\x6e\x0a\x2d\x71\xfb\xf4\xe3\xf9"
	"\xf1\xa8\x7c\x7f\xfc\x73\xf7\x32\x3e\x30\xb5\x1e\x95\x4e\x6c\xdd"
	"\x60\xbc\x5b\x51\xae\xe8\x09\x8c\xc5\x72\xa5\x42\xb5\x3e\xfa\x30"
	"\x72\x07\xf0\x28\xa3\x12\xc7\xc2\xac\x2f\x89\xa2\x56\x84\x2b\x77"
	"\xea\xfd\x9e\xb5\x2d\x47\x97\x47\x01\x47\x50\x0f\x5f\xa1\x92\x8a"
	"\xd1\x0c\x0f\xd6\x3f\x11\x36\x83\xa6\xfe\x21\x62\x41\x04\x7e\xb5"
	"\xe9\xf0\x4c\x43\xf7\x0c\xdb\x86\x79\x64\x2a\xf7\xac\xb2\xf5\x8d"
	"\x27\xc7\x50\xd3\x49\xd9\x9f\x5d\x7c\xbd\x0a\x2f\x74\x15\x48\x3b"
	"\x30\xa6\x40\x31\x45\xe4\xf5\x7d\x1e\x45\xc2\xeb\xba\xc7\x9a\xeb"
	"\xa2\xe0\x68\xc0\x90\xd6\x0f\x4c\x61\xa9\xb9\xc3\xec\x91\x75\xb7"
	"\xcc\x07\x9a\xa6\x5b\x9a\x64\x57\x5f\x8f\x2f\xfa\x88\xa3\x85\x20"
	"\x8b\x60\x1d\xf5\x35\xba\x78\x68\x67\x90\x7a\x1d\x35\x67\xc0\x6f"
	"\x4d\x83\x36\xd9\x09\xbb\xb7\xef\x48\x3c\x2a\xd9\xbd\x95\x06\x5e"
	"\x73\x28\x5c\xa1\x91\xa2\xe6\xca\x43\x4a\xde\xb8\x63\x65\xd6\xc5"
	"\xa9\x5a\x0f\xf8\x92\xf4\x2f\xa9\x6b\xbf\xca\xac\x57\xaf\x0f\x3f"
	"\x9f\x94\x03\xfa\xdd\xfd\xee\xee\xbf\x0f\x4f\x3f\xf5\x38\xcb\x78"
	"\x3f\xd7\xb7\xa0\x7a\x0e\xb6\x21\x61\xb8\x66\xb9\xf8\x06\xcf\xd6"
	"\xfa\xe5\x21\xe2\xf9\x55\x2b\x98\x3e\x08\x94\x9d\xa1\x2a\x63\x26"
	"\xae\xed\xfa\xa8\x7b\x49\x2c\x7a\x99\xcb\x8c\x51\x4d\xeb\x23\x9e"
	"\x2c\x5f\x25\x96\x2a\xfd\xa9\x92\xf1\xa8\x9f\x3f\xfc\xf9\x72\xfb"
	"\xf2\xcf\xd1\xcb\xf3\xfb\xdb\xc3\x93\xae\xfe\x2d\xb3\x56\x70\x0c"
	"\xec\xac\xcd\xa2\x32\x79\xe9\xd9\x98\x47\x6f\xe6\xa6\x15\x65\x54"
	"\x5f\xf7\x89\xa8\x0a\xcb\x7b\x4c\x27\xc9\x79\x49\x60\x4b\x8e\xee"
	"\x3c\x99\x7e\xcf\x35\x79\x4a\x47\x99\xed\xc6\x29\x63\xb9\xe2\xd5"
	"\x62\x54\xd4\x57\x51\xaa\x2e\x04\x05\x37\x74\xbe\x08\x9d\x77\xdb"
	"\xd6\x00\xcd\x4e\x4d\x0a\x57\x53\x8c\xfa\xac\xed\x7a\xf3\xab\x13"
	"\xeb\x20\x0a\x00\x98\xa6\x3c\x21\x8f\x7c\x92\x00\xd6\x02\x5f\x5e"
	"\x9f\x7b\x3e\x55\x18\x6a\x0b\x90\x24\x4c\x6c\x29\x06\x51\x14\xcb"
	"\x8c\xda\x20\xa3\x53\xb2\xe4\x85\xbf\xb5\x67\xda\xc5\x6a\xb6\xf4"
	"\x29\xde\x91\x2f\x02\x8e\x34\x56\xf9\x52\x09\x0b\x56\xc6\x55\x11"
	"\x1e\x24\xf4\x96\x40\x39\x68\x6e\xaa\x12\xea\x6c\xb5\xb0\xc7\x4e"
	"\xae\x2b\x26\x34\xe6\x3e\xf8\xc2\x0b\xbf\xba\x41\xb0\xfd\xbb\xbf"
	"\x3a\x3f\x75\x60\xd2\xa3\xbc\x76\x69\x33\x76\xba\x70\x80\x4c\x14"
	"\x3e\x58\x9b\x76\xc5\xd2\x41\x34\x20\xd9\xdc\x72\x97\xd1\x77\x7d"
	"\xfc\x06\x28\x31\x72\xfb\xbe\xf5\xab\x1b\xfd\x7d\x83\x86\x58\x02"
	"\x62\xee\xc5\xe4\x37\x46\x48\xfb\x3d\xe2\xea\x86\xa0\xaf\x08\xf8"
	"\xc2\x5d\xa9\xba\xf5\x78\x7a\xd7\x90\xea\x9b\x45\x53\x45\x19\x08"
	"\x91\x0d\x86\xfb\x15\xec\x5a\x8f\x60\x2e\x7d\xb5\xf5\x4c\xe9\x0a"
	"\x84\xb7\xf9\xbd\xb1\xf8\x11\x6e\x04\xe6\x2f\x41\xa1\xec\x1b\x15"
	"\xa0\x1f\x24\xcc\xaa\x4d\x2d\x9c\xcc\x29\xc0\x6a\x69\x7f\xe6\x56"
	"\xd4\xf4\xb1\xed\x32\x90\x7f\x95\x4a\x05\x43\x13\xed\xab\x5c\xf5"
	"\x4a\x13\x08\x75\x07\xc7\x29\xbd\x41\xf1\xa5\x2e\x11\xf3\xca\x70"
	"\x03\xc2\xdf\xa1\x85\x50\xe6\xa6\x83\xd7\x34\x96\x32\x93\x9c\xce"
	"\x6f\x51\x7e\xd3\xb7\xcc\x28\x3c\xaa\x44\x9c\xf9\x02\xbd\xc5\xb1"
	"\xf9\xc4\x45\x5c\xe2\x31\x37\xf7\xc5\xab\xae\x33\xc3\xe5\x0b\x7e"
	"\x24\xb1\x36\x02\x55\x16\x63\x9a\x4c\xd8\x5b\x74\xf7\xb4\xa4\x2a"
	"\x5b\xd7\xd7\x02\xa1\x8d\x45\x74\xfe\xfb\xdc\x81\x48\x31\xac\x5d"
	"\x1c\x00\xf0\xf4\x37\xf1\x18\x50\x62\xcf\x7e\x13\x57\x87\x12\x5b"
	"\x73\x26\x72\xac\x88\x26\x61\x30\x52\x65\x98\x04\x7d\x95\xfa\xc5"
	"\xef\x53\x9a\x02\xda\x78\x4c\x63\x67\xc7\xbf\x67\x81\xe2\x9b\xae"
	"\xc4\x8e\x07\x09\x66\xf3\xdf\x73\x9f\x69\x03\x78\xbb\xa9\xf3\xcc"
	"\xe0\x4b\x98\xcf\x2a\xb7\x76\x44\x5c\x19\x2a\x82\x73\xa6\x7b\xbb"
	"\xc0\x5e\x61\x65\x09\xc6\xeb\xa8\x72\xe5\x65\x4b\xa9\x16\xac\x77"
	"\x2f\x4f\xbb\xbf\x8f\xee\x6f\x47\x4d\x48\x42\x7f\xbd\x3c\x3c\xbd"
	"\xfd\x57\xbd\x6b\x7c\xdc\xbd\xfe\x74\x6f\xe5\xa4\x72\xb1\xee\x4d"
	"\xe7\x40\x0c\xcf\x5a\x49\x97\xf5\x55\x0e\x1a\x45\x3e\x99\xd4\xcf"
	"\x48\x8a\xcb\x2e\xe3\xed\xb7\xc5\xde\xb7\x55\xa9\x85\x4e\x09\x0b"
	"\xed\x62\x0f\xbd\x94\x86\xfa\x63\x4e\xa5\xb8\x88\xaf\x4b\x86\x09"
	"\x1a\xfd\xb9\x57\xf0\x00\xf8\xf0\xf7\xee\x8f\xb7\x87\xc7\x41\x0f"
	"\x7c\x95\xbd\xbd\x53\xf0\x17\xb7\xc3\xb2\x9c\x51\x9f\xdf\xd7\x32"
	"\x41\x61\xe9\xc4\x5d\xc4\x63\xaf\x1c\x9f\x88\xac\xc9\xd5\x30\xf1"
	"\x96\x89\xc4\xf0\xe2\x5a\xc5\x4b\x4c\x2f\x99\xd5\x5e\x83\x22\x2f"
	"\xa5\x05\xbe\x00\xcd\x11\xd8\x80\xeb\x69\xd7\x13\xc1\x0a\x2e\x5d"
	"\xe8\xbf\xcd\x8e\xe7\x0b\x93\x19\x6a\x90\xcd\xf8\xae\xb0\xa0\x1e"
	"\xc1\xb1\x58\x05\x69\x6f\xfc\x4f\x88\xba\x12\xb4\xb1\x18\x0b\x58"
	"\x56\x39\xe1\x5d\x87\x33\x58\x6d\x4b\xef\x4d\x82\xea\xb2\xe9\x63"
	"\x96\x42\xa5\x18\xd4\x57\xf6\xc3\x3f\x9b\xf2\x2b\xd0\x98\x51\x2d"
	"\x45\xb7\xe6\x02\x23\xa3\xfb\x6f\x59\x0d\x12\x39\x0c\x7d\x55\xe6"
	"\xd7\xee\xb4\x25\x95\x88\x60\x9c\x38\x5b\xcb\x70\xc2\x98\xbe\xc8"
	"\x17\xe5\x1f\xdf\x1d\x82\xf6\x2d\x2e\xf5\x27\x1a\x13\x70\xba\x6c"
	"\x53\x13\xf2\x0d\x64\x83\x8f\x0a\x54\xe1\x4c\x57\xa7\x55\x0b\x94"
	"\xbf\xdc\xa8\xa2\x17\xbb\xc7\x67\xd0\xd0\xe3\xdd\x9f\xef\x3f\x7f"
	"\xaa\xd5\x68\x8e\x29\x9c\x2b\x78\xd9\x50\x0f\x7c\x54\x91\x48\x28"
	"\xf7\x31\x7a\x6a\xea\x2a\x6b\xaa\x92\x3a\x68\xec\x8b\x01\x66\x48"
	"\x02\x24\xa2\x8a\x19\xbe\xb9\xb0\xc4\x8a\x45\x55\x2d\xbf\xf3\x88"
	"\xb0\x55\x0f\xb3\x9a\xb3\x25\x75\x6f\x3d\x0c\x13\x68\x0b\x39\x4c"
	"\x93\x3b\x85\x23\x26\x54\x7c\x8b\x8f\x3e\x3b\x14\x2b\x01\x2a\xef"
	"\x2d\xeb\x24\x6a\x07\x1a\x95\x83\xc9\x6d\xc5\x80\x08\x14\xaf\x02"
	"\x7f\xc3\x4a\xcf\x42\x63\x35\x70\x21\x6a\x30\xa1\x01\x4b\xb3\x55"
	"\x0a\x05\x86\x1a\xbc\x8e\xaa\x8d\x26\x97\x23\xb5\x61\xb0\x12\xc0"
	"\x98\x92\x17\xfd\x2e\x0d\x45\x1e\xe9\x43\x63\x98\xe2\xe3\x5d\xc7"
	"\x9e\x8f\x8c\x7a\x84\x11\xca\xde\x7f\x29\xf1\x99\xde\x3e\xfd\xb4"
	"\xa2\xe3\x27\x2d\x9e\xd8\xba\x3a\x1c\x73\x56\x21\xfb\xb4\x83\xbd"
	"\xaa\x65\x44\xf2\xe5\xed\xa5\x37\x21\x82\xc6\xdc\x25\xac\x37\xf4"
	"\x78\xf7\x3f\xb7\x32\xf0\xfd\x86\xe5\x1d\xdf\x3b\xf9\x2b\x24\xee"
	"\x67\x55\xd7\xee\xc1\x0d\xc8\xa4\x78\x78\x10\xf0\x8f\x09\x34\x6d"
	"\x3b\x12\x86\x6a\xa7\xe9\x59\x2a\x29\x15\x0b\xf2\x32\x3e\x28\xe1"
	"\xb0\xfe\x35\xe7\xb5\xb5\x38\xd5\x09\x1e\xef\xb1\x26\xe1\x70\xf4"
	"\xaf\xd7\x5f\x0f\x4f\x78\xb7\xf5\xfa\x9f\xa3\xc7\xf7\xb7\xdd\xef"
	"\x1d\xfc\x63\xf7\x76\xf7\xf9\xf3\xe7\x7f\x6b\x99\xb2\xf1\xf5\x99"
	"\x2c\x7b\x25\xf5\x00\x5b\x91\xab\x45\xb5\xf1\xbe\x31\x93\x1f\x62"
	"\x7f\x48\x19\x8e\xda\x7a\xd7\xf2\x2b\xde\xd8\x62\x6d\xcc\x1e\x63"
	"\xc3\x09\xf2\xed\x56\x61\x40\x12\x54\x5b\xf4\x62\xb1\x09\xc4\xb6"
	"\x31\xbc\xa6\x15\x54\xb6\xd0\x52\xd9\x95\xc7\x7b\xed\x2e\xd1\x01"
	"\x11\x18\xfa\x31\xa1\x73\xce\x83\x64\xc3\x50\x29\xab\xe2\xa0\x55"
	"\xf9\x17\xab\x6c\x1f\x30\x3c\xfa\x82\xd0\x52\x72\xdf\x79\xfa\xe4"
	"\xa0\x56\x2c\x2c\x41\x38\x2e\xaf\xf4\x57\x45\xc8\x57\x12\xa9\x77"
	"\x58\xee\x78\x30\x2e\xb0\x55\xa3\x01\x1e\xf8\x4f\x1d\xd3\x03\x9d"
	"\x5a\x2b\x29\x1d\xa0\x80\xff\x37\x5c\x2c\xab\x26\x24\x44\xd1\x2e"
	"\x15\x12\x6f\xd9\x21\x8a\x26\xb4\x25\xc9\x67\x88\x99\x95\x80\xcc"
	"\xa2\x89\x40\x0b\x83\x63\x1d\x6c\xb5\xee\x93\x30\x11\x75\xc6\xde"
	"\x6a\xac\x00\x40\x1a\x86\x8d\xa8\x43\x69\x9c\xd0\xf3\x86\x14\xd4"
	"\xe4\x6a\x24\x28\xce\x61\x9a\xf2\x7c\x12\x2d\xf3\x99\x8e\x77\x66"
	"\x0f\x81\xfc\xb2\x09\x38\xa3\x0f\x8b\xe6\x72\xd0\x5f\x84\xa3\xb9"
	"\xd8\x53\x27\x19\x11\x74\x07\xb4\xfd\x12\xb6\x24\x68\x65\x5a\xb5"
	"\x75\xae\xf6\xcb\x96\x8f\x6f\xf7\xfd\xce\x7d\xc3\x44\xf4\x5c\x88"
	"\x4a\x80\x1c\xfc\xae\x94\x2e\xff\x89\x47\x3d\xf5\x0b\xd2\xa0\x11"
	"\xa8\x8c\xae\xdb\xca\x67\xd4\x2e\x65\x68\x22\x18\x25\x61\x9d\xe7"
	"\x93\xae\x54\xba\x5e\x18\xbb\x12\xac\x4e\xfd\x34\xe3\x19\x21\x19"
	"\x67\x81\x46\xf6\xdb\xac\x4d\xf1\x78\xdc\xd8\xf5\x28\x74\x11\x55"
	"\x1d\x1c\xed\x04\xc7\x83\xba\x45\x82\x2f\x0b\x25\x07\x20\x25\x28"
	"\x5f\xc6\xd1\x59\x25\x74\x1b\x3e\x54\xa5\x68\xef\xff\x64\xd9\x91"
	"\x29\x4b\xe5\x81\x6e\x7a\x85\x36\xb9\x89\xa1\x43\x24\xd2\x1b\x06"
	"\x6b\x9c\x46\x9c\x79\x95\x1b\xc7\x19\x05\xad\x28\x29\x49\xb7\xf2"
	"\xd9\x88\xbe\x3b\x70\x5e\xd4\x2d\x1a\x15\xbc\x8d\x77\xea\x1b\x00"
	"\x1e\x83\x81\xc3\xe8\xd6\xf4\xf9\x77\xf4\x7d\xfd\xb2\x83\x44\xf0"
	"\x4e\x71\x09\x7a\x46\x12\x2a\x48\xed\xc3\x01\x82\x74\x0b\x4c\x18"
	"\x22\x18\xce\x5b\xa3\xb6\xaf\x28\x89\xf7\xe3\x6a\xda\x86\x69\x27"
	"\xa2\x17\xc9\xef\xfb\xa6\x04\x55\x0f\x56\x9e\xcf\x8a\x0f\x52\x1b"
	"\xa6\x0c\xc4\x93\xbc\xe4\xc0\x57\x75\xd6\x0b\x54\x09\x67\x25\x2c"
	"\x47\x86\xb7\x07\xea\x03\x4e\x9c\xc9\x46\x72\xe0\xc3\x20\xa1\xd2"
	"\x55\x02\x03\xb1\xcc\xd7\xf2\x12\x49\xe6\x68\xf1\xbf\xe4\x5e\xcb"
	"\x7c\x6f\xc3\x94\x69\x0f\xe8\xfc\x60\x0b\x6a\x0e\x91\xe4\xb8\x7e"
	"\x09\xe2\x21\x2d\x18\xe1\x01\xab\x73\xf1\xc7\x29\xa1\xa3\x20\xbd"
	"\x6b\x5a\xc2\x6b\xcc\x27\xcd\x0c\x34\xa5\x9a\x6f\x0e\x1a\xa5\x34"
	"\x3e\xe2\x40\x13\xbb\x38\xd6\xaf\x7a\xaa\x32\x03\x99\xf9\x62\xa5"
	"\x52\x41\xbd\x70\x17\x20\x19\xf0\x85\x21\xb6\x02\x8b\xb1\x93\x6b"
	"\xe6\xeb\x98\x88\xfa\x21\xef\xd2\xe4\x9d\x51\x63\x3d\x4d\x34\x49"
	"\x48\xac\x9a\x4f\x79\x80\x90\x6e\xb8\xd4\x38\x2c\x47\x75\x44\x2a"
	"\x33\x81\xbd\x73\x89\x0f\xf5\x69\xbc\x8c\x12\x80\xa3\x19\x26\x83"
	"\x0d\x1a\x37\x2e\x12\x3f\x1a\x56\xbd\xaa\x95\xd9\xf5\x94\x5f\xc5"
	"\x5d\x51\x07\xc6\x46\xd9\xd1\x94\x23\x73\x43\xd3\xad\x81\xb0\x25"
	"\xc2\x9d\x48\x02\x75\x2b\x47\xe3\x95\x09\x2f\x88\x87\xbd\x37\x8f"
	"\x69\x8a\xae\xcb\x02\x58\x0c\x48\x90\x80\xa4\xa7\x29\x04\xde\x5c"
	"\xcb\x4c\x7d\x81\xf1\xa2\x2e\xde\x25\x36\x8b\x59\x80\x11\xd7\x01"
	"\x2e\x95\x77\xeb\xa4\xe3\xb9\x1a\x80\xda\x3f\x7a\x49\x06\xe7\x2b"
	"\x18\x9d\x03\x22\x40\x96\x91\x64\xa2\x00\x35\x39\xd0\x41\x15\x0d"
	"\x20\xd0\x50\xda\xf2\x38\xf0\x8b\x74\x80\x27\x5f\x17\x28\x66\x29"
	"\xaa\x98\x48\x10\x5b\xd0\x8b\x0c\x8d\x2a\x65\x2f\x6d\x2f\xa0\x33"
	"\x60\x90\x47\x4a\xaf\x6a\x18\x06\x31\x6f\x28\xe3\x8a\xb4\x16\xac"
	"\x57\xb1\x76\x27\xe0\xfe\x1a\x2c\x57\xa3\xe5\xd6\x30\x1a\x20\xda"
	"\x39\xff\xe8\xc8\xb5\x51\x5a\xbc\x0c\x18\xcb\x10\x0b\xa3\xb5\xac"
	"\x98\xae\x3f\x21\x14\x75\x98\xac\xec\x40\x0f\x82\x2e\x37\xe8\x13"
	"\x92\x66\x11\x9c\xd0\xb5\xf7\xd3\x0d\x2b\xc3\xe6\x1b\x0c\x9d\xd4"
	"\x67\x8d\x52\x72\x78\x6c\x5b\xc8\xa3\x76\xa0\x21\xc3\x3f\xd5\x2d"
	"\xca\x87\x60\x66\xca\x41\x2f\xbf\x22\xc2\x44\x75\xe5\x16\x38\xd4"
	"\x3d\x99\xda\x1e\xd7\xf6\x99\x2a\x27\x0f\xe0\xb0\x95\x67\x65\x94"
	"\x03\x2b\x7e\xfb\xf4\x78\x7b\x77\xff\xe5\x07\x9e\x6e\xfe\x80\x7f"
	"\xbe\x3c\x7f\x6e\x26\x97\x7f\xd0\xb3\xc6\xbb\xbc\x89\x5c\x52\x7e"
	"\x79\x7f\xba\x1b\x1c\xa1\x3e\xdf\x7f\x32\xfb\x3b\x8a\x7c\x5a\xf8"
	"\x66\x68\x01\x19\x15\xcc\x2c\x26\x5c\x6b\x2a\xa8\x17\x23\x8c\xea"
	"\xd8\xff\x03\x07\xf5\x50\xb9\x43\x48\x02\x00"
MAGIC_END;
